attendance,satisfaction,income
0,0.0,0.0
9,0.45,43.199999999999996
0,0.0,0.0
0,0.0,0.0
10,0.33333333333333337,47.5
7,0.5833333333333333,32.199999999999996
7,0.5833333333333333,31.149999999999995
0,0.0,0.0
10,0.33333333333333337,42.49999999999999
0,0.0,0.0
10,0.33333333333333337,41.0
0,0.0,0.0
10,0.33333333333333337,39.416666666666664
0,0.0,0.0
10,0.33333333333333337,37.91666666666667
0,0.0,0.0
10,0.33333333333333337,36.47916666666667
0,0.0,0.0
10,0.33333333333333337,35.09027777777778
1,0.016666666666666663,3.674027777777778
10,0.33333333333333337,33.79027777777778
0,0.0,0.0
9,0.45,29.265795454545454
0,0.0,0.0
10,0.33333333333333337,31.225883838383837
0,0.0,0.0
10,0.33333333333333337,29.956653069153067
0,0.0,0.0
10,0.33333333333333337,28.706653069153067
0,0.0,0.0
10,0.33333333333333337,27.473319735819732
0,0.0,0.0
10,0.33333333333333337,26.25456973581973
0,0.0,0.0
10,0.33333333333333337,25.048687382878555
0,0.0,0.0
10,0.33333333333333337,23.85424293843411
0,0.0,0.0
10,0.33333333333333337,22.67003241211832
0,0.0,0.0
10,0.33333333333333337,21.495032412118324
0,0.0,0.0
10,0.33333333333333337,20.328365745451656
0,0.0,0.0
10,0.33333333333333337,19.169274836360746
1,0.016666666666666663,2.0995361792882483
10,0.33333333333333337,18.038840053752047
0,0.0,0.0
10,0.33333333333333337,16.913840053752047
0,0.0,0.0
10,0.33333333333333337,15.793840053752046
0,0.0,0.0
10,0.33333333333333337,14.67845543836743
0,0.0,0.0
9,0.45,12.21060989453069
0,0.0,0.0
10,0.33333333333333337,12.44234432725632
0,0.0,0.0
10,0.33333333333333337,11.321654672083907
0,0.0,0.0
10,0.33333333333333337,10.204988005417242
0,0.0,0.0
10,0.33333333333333337,9.09208477961079
0,0.0,0.0
10,0.33333333333333337,7.98270977961079
0,0.0,0.0
10,0.33333333333333337,6.876649173550184
0,0.0,0.0
10,0.33333333333333337,5.773707997079596
0,0.0,0.0
10,0.33333333333333337,4.673707997079594
0,0.0,0.0
10,0.33333333333333337,3.5764857748573724
0,0.0,0.0
10,0.33333333333333337,2.4818911802627768
0,0.0,0.0
10,0.33333333333333337,1.389785917104882
0,0.0,0.0
10,0.33333333333333337,1.0
0,0.0,0.0
10,0.33333333333333337,1.0
0,0.0,0.0
10,0.33333333333333337,1.0
0,0.0,0.0
10,0.33333333333333337,1.0
0,0.0,0.0
10,0.33333333333333337,1.0
0,0.0,0.0
10,0.33333333333333337,1.0
0,0.0,0.0
10,0.33333333333333337,1.0
0,0.0,0.0
10,0.33333333333333337,1.0
0,0.0,0.0
10,0.33333333333333337,1.0
1,0.016666666666666663,0.290625
10,0.33333333333333337,1.0
0,0.0,0.0
10,0.33333333333333337,1.0
0,0.0,0.0
9,0.45,0.9
0,0.0,0.0
10,0.33333333333333337,1.0
0,0.0,0.0
10,0.33333333333333337,1.0
0,0.0,0.0
10,0.33333333333333337,1.0
0,0.0,0.0
10,0.33333333333333337,1.0
0,0.0,0.0
10,0.33333333333333337,1.0
0,0.0,0.0
10,0.33333333333333337,1.0
0,0.0,0.0
10,0.33333333333333337,1.0
0,0.0,0.0
10,0.33333333333333337,1.0
0,0.0,0.0
10,0.33333333333333337,1.0
0,0.0,0.0
10,0.33333333333333337,1.0
0,0.0,0.0
10,0.33333333333333337,1.0
1,0.016666666666666663,0.2919354838709677
10,0.33333333333333337,1.0
0,0.0,0.0
10,0.33333333333333337,1.0
1,0.016666666666666663,0.29218750000000004
10,0.33333333333333337,1.0
0,0.0,0.0
10,0.33333333333333337,1.0
0,0.0,0.0
10,0.33333333333333337,1.0
0,0.0,0.0
10,0.33333333333333337,1.0
0,0.0,0.0
10,0.33333333333333337,1.0
0,0.0,0.0
10,0.33333333333333337,1.0
1,0.016666666666666663,0.2928571428571429
10,0.33333333333333337,1.0
0,0.0,0.0
9,0.45,0.9
0,0.0,0.0
10,0.33333333333333337,1.0
0,0.0,0.0
10,0.33333333333333337,1.0
0,0.0,0.0
10,0.33333333333333337,1.0
0,0.0,0.0
10,0.33333333333333337,1.0
0,0.0,0.0
10,0.33333333333333337,1.0
1,0.016666666666666663,0.2928571428571429
10,0.33333333333333337,1.0
0,0.0,0.0
10,0.33333333333333337,1.0
0,0.0,0.0
9,0.45,0.9
0,0.0,0.0
10,0.33333333333333337,1.0
0,0.0,0.0
10,0.33333333333333337,1.0
0,0.0,0.0
10,0.33333333333333337,1.0
0,0.0,0.0
10,0.33333333333333337,1.0
0,0.0,0.0
10,0.33333333333333337,1.0
0,0.0,0.0
10,0.33333333333333337,1.0
0,0.0,0.0
10,0.33333333333333337,1.0
1,0.016666666666666663,0.2931034482758621
10,0.33333333333333337,1.0
0,0.0,0.0
10,0.33333333333333337,1.0
0,0.0,0.0
10,0.33333333333333337,1.0
0,0.0,0.0
10,0.33333333333333337,1.0
0,0.0,0.0
10,0.33333333333333337,1.0
0,0.0,0.0
10,0.33333333333333337,1.0
1,0.016666666666666663,0.2935483870967742
10,0.33333333333333337,1.0
0,0.0,0.0
10,0.33333333333333337,1.0
0,0.0,0.0
10,0.33333333333333337,1.0
1,0.016666666666666663,0.29375
10,0.33333333333333337,1.0
0,0.0,0.0
10,0.33333333333333337,1.0
0,0.0,0.0
10,0.33333333333333337,1.0
0,0.0,0.0
10,0.33333333333333337,1.0
0,0.0,0.0
10,0.33333333333333337,1.0
0,0.0,0.0
10,0.33333333333333337,1.0
0,0.0,0.0
10,0.33333333333333337,1.0
0,0.0,0.0
10,0.33333333333333337,1.0
0,0.0,0.0
10,0.33333333333333337,1.0
1,0.016666666666666663,0.2942857142857143
10,0.33333333333333337,1.0
0,0.0,0.0
10,0.33333333333333337,1.0
0,0.0,0.0
10,0.33333333333333337,1.0
0,0.0,0.0
10,0.33333333333333337,1.0
1,0.016666666666666663,0.2944954128440367
10,0.33333333333333337,1.0
0,0.0,0.0
10,0.33333333333333337,1.0
0,0.0,0.0
10,0.33333333333333337,1.0
0,0.0,0.0
10,0.33333333333333337,1.0
0,0.0,0.0
10,0.33333333333333337,1.0
0,0.0,0.0
10,0.33333333333333337,1.0
1,0.016666666666666663,0.2947826086956522
10,0.33333333333333337,1.0
1,0.016666666666666663,0.29482758620689653
10,0.33333333333333337,1.0
0,0.0,0.0
10,0.33333333333333337,1.0
0,0.0,0.0
10,0.33333333333333337,1.0
0,0.0,0.0
9,0.45,0.9
1,0.016666666666666663,0.2945833333333334
10,0.33333333333333337,1.0
0,0.0,0.0
10,0.33333333333333337,1.0
0,0.0,0.0
10,0.33333333333333337,1.0
0,0.0,0.0
10,0.33333333333333337,1.0
0,0.0,0.0
10,0.33333333333333337,1.0
0,0.0,0.0
10,0.33333333333333337,1.0
0,0.0,0.0
10,0.33333333333333337,1.0
0,0.0,0.0
10,0.33333333333333337,1.0
0,0.0,0.0
10,0.33333333333333337,1.0
1,0.016666666666666663,0.29496124031007753
10,0.33333333333333337,1.0
0,0.0,0.0
10,0.33333333333333337,1.0
0,0.0,0.0
10,0.33333333333333337,1.0
0,0.0,0.0
10,0.33333333333333337,1.0
0,0.0,0.0
10,0.33333333333333337,1.0
0,0.0,0.0
10,0.33333333333333337,1.0
0,0.0,0.0
10,0.33333333333333337,1.0
0,0.0,0.0
10,0.33333333333333337,1.0
0,0.0,0.0
10,0.33333333333333337,1.0
0,0.0,0.0
10,0.33333333333333337,1.0
0,0.0,0.0
10,0.33333333333333337,1.0
0,0.0,0.0
10,0.33333333333333337,1.0
0,0.0,0.0
10,0.33333333333333337,1.0
0,0.0,0.0
10,0.33333333333333337,1.0
0,0.0,0.0
10,0.33333333333333337,1.0
0,0.0,0.0
10,0.33333333333333337,1.0
0,0.0,0.0
10,0.33333333333333337,1.0
0,0.0,0.0
10,0.33333333333333337,1.0
0,0.0,0.0
10,0.33333333333333337,1.0
0,0.0,0.0
10,0.33333333333333337,1.0
0,0.0,0.0
10,0.33333333333333337,1.0
0,0.0,0.0
10,0.33333333333333337,1.0
1,0.016666666666666663,0.29569536423841064
10,0.33333333333333337,1.0
0,0.0,0.0
10,0.33333333333333337,1.0
0,0.0,0.0
10,0.33333333333333337,1.0
0,0.0,0.0
10,0.33333333333333337,1.0
0,0.0,0.0
10,0.33333333333333337,1.0
0,0.0,0.0
10,0.33333333333333337,1.0
0,0.0,0.0
10,0.33333333333333337,1.0
1,0.016666666666666663,0.2958860759493671
10,0.33333333333333337,1.0
0,0.0,0.0
10,0.33333333333333337,1.0
0,0.0,0.0
10,0.33333333333333337,1.0
0,0.0,0.0
10,0.33333333333333337,1.0
0,0.0,0.0
10,0.33333333333333337,1.0
0,0.0,0.0
10,0.33333333333333337,1.0
0,0.0,0.0
10,0.33333333333333337,1.0
1,0.016666666666666663,0.29606060606060614
10,0.33333333333333337,1.0
0,0.0,0.0
10,0.33333333333333337,1.0
0,0.0,0.0
10,0.33333333333333337,1.0
0,0.0,0.0
10,0.33333333333333337,1.0
0,0.0,0.0
10,0.33333333333333337,1.0
0,0.0,0.0
10,0.33333333333333337,1.0
0,0.0,0.0
10,0.33333333333333337,1.0
0,0.0,0.0
10,0.33333333333333337,1.0
0,0.0,0.0
10,0.33333333333333337,1.0
1,0.016666666666666663,0.29626436781609194
10,0.33333333333333337,1.0
0,0.0,0.0
10,0.33333333333333337,1.0
0,0.0,0.0
10,0.33333333333333337,1.0
0,0.0,0.0
10,0.33333333333333337,1.0
0,0.0,0.0
10,0.33333333333333337,1.0
0,0.0,0.0
10,0.33333333333333337,1.0
0,0.0,0.0
10,0.33333333333333337,1.0
1,0.016666666666666663,0.29640883977900556
10,0.33333333333333337,1.0
0,0.0,0.0
10,0.33333333333333337,1.0
0,0.0,0.0
10,0.33333333333333337,1.0
0,0.0,0.0
10,0.33333333333333337,1.0
0,0.0,0.0
10,0.33333333333333337,1.0
0,0.0,0.0
10,0.33333333333333337,1.0
0,0.0,0.0
9,0.45,0.9
0,0.0,0.0
10,0.33333333333333337,1.0
0,0.0,0.0
10,0.33333333333333337,1.0
0,0.0,0.0
10,0.33333333333333337,1.0
0,0.0,0.0
10,0.33333333333333337,1.0
0,0.0,0.0
10,0.33333333333333337,1.0
0,0.0,0.0
10,0.33333333333333337,1.0
0,0.0,0.0
10,0.33333333333333337,1.0
0,0.0,0.0
10,0.33333333333333337,1.0
0,0.0,0.0
10,0.33333333333333337,1.0
0,0.0,0.0
10,0.33333333333333337,1.0
0,0.0,0.0
10,0.33333333333333337,1.0
0,0.0,0.0
10,0.33333333333333337,1.0
0,0.0,0.0
10,0.33333333333333337,1.0
0,0.0,0.0
10,0.33333333333333337,1.0
0,0.0,0.0
10,0.33333333333333337,1.0
1,0.016666666666666663,0.29655172413793107
10,0.33333333333333337,1.0
0,0.0,0.0
10,0.33333333333333337,1.0
0,0.0,0.0
10,0.33333333333333337,1.0
0,0.0,0.0
10,0.33333333333333337,1.0
0,0.0,0.0
10,0.33333333333333337,1.0
0,0.0,0.0
10,0.33333333333333337,1.0
0,0.0,0.0
10,0.33333333333333337,1.0
0,0.0,0.0
10,0.33333333333333337,1.0
0,0.0,0.0
10,0.33333333333333337,1.0
0,0.0,0.0
10,0.33333333333333337,1.0
0,0.0,0.0
10,0.33333333333333337,1.0
0,0.0,0.0
10,0.33333333333333337,1.0
0,0.0,0.0
10,0.33333333333333337,1.0
0,0.0,0.0
10,0.33333333333333337,1.0
0,0.0,0.0
10,0.33333333333333337,1.0
0,0.0,0.0
10,0.33333333333333337,1.0
0,0.0,0.0
10,0.33333333333333337,1.0
0,0.0,0.0
10,0.33333333333333337,1.0
0,0.0,0.0
10,0.33333333333333337,1.0
0,0.0,0.0
10,0.33333333333333337,1.0
0,0.0,0.0
10,0.33333333333333337,1.0
0,0.0,0.0
10,0.33333333333333337,1.0
0,0.0,0.0
10,0.33333333333333337,1.0
0,0.0,0.0
10,0.33333333333333337,1.0
1,0.016666666666666663,0.2969162995594714
10,0.33333333333333337,1.0
0,0.0,0.0
10,0.33333333333333337,1.0
0,0.0,0.0
10,0.33333333333333337,1.0
0,0.0,0.0
10,0.33333333333333337,1.0
0,0.0,0.0
10,0.33333333333333337,1.0
1,0.016666666666666663,0.2969827586206897
10,0.33333333333333337,1.0
1,0.016666666666666663,0.2969957081545064
10,0.33333333333333337,1.0
0,0.0,0.0
10,0.33333333333333337,1.0
0,0.0,0.0
10,0.33333333333333337,1.0
2,0.06666666666666668,0.5940677966101695
10,0.33333333333333337,1.0
1,0.016666666666666663,0.2970464135021097
10,0.33333333333333337,1.0
0,0.0,0.0
10,0.33333333333333337,1.0
0,0.0,0.0
10,0.33333333333333337,1.0
0,0.0,0.0
10,0.33333333333333337,1.0
0,0.0,0.0
10,0.33333333333333337,1.0
0,0.0,0.0
10,0.33333333333333337,1.0
0,0.0,0.0
10,0.33333333333333337,1.0
1,0.016666666666666663,0.2971311475409836
10,0.33333333333333337,1.0
0,0.0,0.0
10,0.33333333333333337,1.0
1,0.016666666666666663,0.29715447154471547
10,0.33333333333333337,1.0
0,0.0,0.0
10,0.33333333333333337,1.0
0,0.0,0.0
10,0.33333333333333337,1.0
0,0.0,0.0
10,0.33333333333333337,1.0
0,0.0,0.0
10,0.33333333333333337,1.0
0,0.0,0.0
10,0.33333333333333337,1.0
0,0.0,0.0
10,0.33333333333333337,1.0
0,0.0,0.0
10,0.33333333333333337,1.0
0,0.0,0.0
10,0.33333333333333337,1.0
0,0.0,0.0
10,0.33333333333333337,1.0
0,0.0,0.0
10,0.33333333333333337,1.0
0,0.0,0.0
10,0.33333333333333337,1.0
0,0.0,0.0
10,0.33333333333333337,1.0
0,0.0,0.0
10,0.33333333333333337,1.0
1,0.016666666666666663,0.29730769230769233
10,0.33333333333333337,1.0
0,0.0,0.0
10,0.33333333333333337,1.0
0,0.0,0.0
10,0.33333333333333337,1.0
0,0.0,0.0
10,0.33333333333333337,1.0
0,0.0,0.0
10,0.33333333333333337,1.0
1,0.016666666666666663,0.2973584905660378
10,0.33333333333333337,1.0
1,0.016666666666666663,0.2973684210526316
10,0.33333333333333337,1.0
1,0.016666666666666663,0.297378277153558
10,0.33333333333333337,1.0
0,0.0,0.0
10,0.33333333333333337,1.0
1,0.016666666666666663,0.2973977695167286
10,0.33333333333333337,1.0
0,0.0,0.0
10,0.33333333333333337,1.0
0,0.0,0.0
10,0.33333333333333337,1.0
0,0.0,0.0
10,0.33333333333333337,1.0
1,0.016666666666666663,0.2974358974358975
10,0.33333333333333337,1.0
0,0.0,0.0
10,0.33333333333333337,1.0
0,0.0,0.0
10,0.33333333333333337,1.0
0,0.0,0.0
10,0.33333333333333337,1.0
0,0.0,0.0
10,0.33333333333333337,1.0
0,0.0,0.0
10,0.33333333333333337,1.0
0,0.0,0.0
10,0.33333333333333337,1.0
0,0.0,0.0
10,0.33333333333333337,1.0
0,0.0,0.0
10,0.33333333333333337,1.0
1,0.016666666666666663,0.2975177304964539
10,0.33333333333333337,1.0
0,0.0,0.0
10,0.33333333333333337,1.0
0,0.0,0.0
10,0.33333333333333337,1.0
1,0.016666666666666663,0.2975438596491229
10,0.33333333333333337,1.0
0,0.0,0.0
10,0.33333333333333337,1.0
0,0.0,0.0
10,0.33333333333333337,1.0
0,0.0,0.0
10,0.33333333333333337,1.0
0,0.0,0.0
10,0.33333333333333337,1.0
0,0.0,0.0
10,0.33333333333333337,1.0
0,0.0,0.0
10,0.33333333333333337,1.0
0,0.0,0.0
10,0.33333333333333337,1.0
0,0.0,0.0
10,0.33333333333333337,1.0
0,0.0,0.0
10,0.33333333333333337,1.0
0,0.0,0.0
10,0.33333333333333337,1.0
0,0.0,0.0
10,0.33333333333333337,1.0
0,0.0,0.0
10,0.33333333333333337,1.0
0,0.0,0.0
10,0.33333333333333337,1.0
0,0.0,0.0
10,0.33333333333333337,1.0
0,0.0,0.0
10,0.33333333333333337,1.0
0,0.0,0.0
10,0.33333333333333337,1.0
1,0.016666666666666663,0.29768211920529797
10,0.33333333333333337,1.0
1,0.016666666666666663,0.2976897689768977
10,0.33333333333333337,1.0
0,0.0,0.0
10,0.33333333333333337,1.0
0,0.0,0.0
10,0.33333333333333337,1.0
0,0.0,0.0
10,0.33333333333333337,1.0
0,0.0,0.0
10,0.33333333333333337,1.0
0,0.0,0.0
10,0.33333333333333337,1.0
0,0.0,0.0
10,0.33333333333333337,1.0
0,0.0,0.0
10,0.33333333333333337,1.0
0,0.0,0.0
10,0.33333333333333337,1.0
0,0.0,0.0
10,0.33333333333333337,1.0
0,0.0,0.0
10,0.33333333333333337,1.0
0,0.0,0.0
10,0.33333333333333337,1.0
0,0.0,0.0
10,0.33333333333333337,1.0
0,0.0,0.0
10,0.33333333333333337,1.0
0,0.0,0.0
10,0.33333333333333337,1.0
2,0.06666666666666668,0.5955974842767295
10,0.33333333333333337,1.0
0,0.0,0.0
10,0.33333333333333337,1.0
0,0.0,0.0
10,0.33333333333333337,1.0
0,0.0,0.0
10,0.33333333333333337,1.0
0,0.0,0.0
10,0.33333333333333337,1.0
0,0.0,0.0
10,0.33333333333333337,1.0
0,0.0,0.0
10,0.33333333333333337,1.0
0,0.0,0.0
10,0.33333333333333337,1.0
0,0.0,0.0
10,0.33333333333333337,1.0
0,0.0,0.0
10,0.33333333333333337,1.0
0,0.0,0.0
10,0.33333333333333337,1.0
0,0.0,0.0
10,0.33333333333333337,1.0
0,0.0,0.0
10,0.33333333333333337,1.0
0,0.0,0.0
10,0.33333333333333337,1.0
0,0.0,0.0
10,0.33333333333333337,1.0
1,0.016666666666666663,0.29789789789789795
10,0.33333333333333337,1.0
0,0.0,0.0
10,0.33333333333333337,1.0
0,0.0,0.0
10,0.33333333333333337,1.0
0,0.0,0.0
10,0.33333333333333337,1.0
0,0.0,0.0
10,0.33333333333333337,1.0
0,0.0,0.0
10,0.33333333333333337,1.0
0,0.0,0.0
10,0.33333333333333337,1.0
0,0.0,0.0
10,0.33333333333333337,1.0
0,0.0,0.0
10,0.33333333333333337,1.0
0,0.0,0.0
10,0.33333333333333337,1.0
0,0.0,0.0
10,0.33333333333333337,1.0
0,0.0,0.0
10,0.33333333333333337,1.0
0,0.0,0.0
10,0.33333333333333337,1.0
0,0.0,0.0
10,0.33333333333333337,1.0
0,0.0,0.0
10,0.33333333333333337,1.0
0,0.0,0.0
10,0.33333333333333337,1.0
0,0.0,0.0
10,0.33333333333333337,1.0
0,0.0,0.0
10,0.33333333333333337,1.0
0,0.0,0.0
10,0.33333333333333337,1.0
1,0.016666666666666663,0.2980113636363637
10,0.33333333333333337,1.0
0,0.0,0.0
10,0.33333333333333337,1.0
0,0.0,0.0
10,0.33333333333333337,1.0
0,0.0,0.0
10,0.33333333333333337,1.0
0,0.0,0.0
9,0.45,0.9
0,0.0,0.0
10,0.33333333333333337,1.0
0,0.0,0.0
10,0.33333333333333337,1.0
0,0.0,0.0
10,0.33333333333333337,1.0
1,0.016666666666666663,0.2979166666666667
10,0.33333333333333337,1.0
0,0.0,0.0
10,0.33333333333333337,1.0
0,0.0,0.0
10,0.33333333333333337,1.0
0,0.0,0.0
10,0.33333333333333337,1.0
0,0.0,0.0
10,0.33333333333333337,1.0
0,0.0,0.0
10,0.33333333333333337,1.0
0,0.0,0.0
10,0.33333333333333337,1.0
0,0.0,0.0
10,0.33333333333333337,1.0
0,0.0,0.0
10,0.33333333333333337,1.0
0,0.0,0.0
10,0.33333333333333337,1.0
1,0.016666666666666663,0.297972972972973
10,0.33333333333333337,1.0
0,0.0,0.0
10,0.33333333333333337,1.0
0,0.0,0.0
9,0.45,0.9
0,0.0,0.0
10,0.33333333333333337,1.0
0,0.0,0.0
10,0.33333333333333337,1.0
0,0.0,0.0
10,0.33333333333333337,1.0
0,0.0,0.0
10,0.33333333333333337,1.0
0,0.0,0.0
10,0.33333333333333337,1.0
0,0.0,0.0
10,0.33333333333333337,1.0
1,0.016666666666666663,0.2978891820580475
10,0.33333333333333337,1.0
0,0.0,0.0
10,0.33333333333333337,1.0
0,0.0,0.0
10,0.33333333333333337,1.0
0,0.0,0.0
10,0.33333333333333337,1.0
0,0.0,0.0
10,0.33333333333333337,1.0
0,0.0,0.0
10,0.33333333333333337,1.0
0,0.0,0.0
10,0.33333333333333337,1.0
0,0.0,0.0
10,0.33333333333333337,1.0
2,0.06666666666666668,0.5958656330749355
10,0.33333333333333337,1.0
0,0.0,0.0
10,0.33333333333333337,1.0
0,0.0,0.0
10,0.33333333333333337,1.0
0,0.0,0.0
10,0.33333333333333337,1.0
0,0.0,0.0
10,0.33333333333333337,1.0
0,0.0,0.0
10,0.33333333333333337,1.0
0,0.0,0.0
10,0.33333333333333337,1.0
0,0.0,0.0
10,0.33333333333333337,1.0
0,0.0,0.0
10,0.33333333333333337,1.0
0,0.0,0.0
10,0.33333333333333337,1.0
1,0.016666666666666663,0.2979848866498741
10,0.33333333333333337,1.0
0,0.0,0.0
10,0.33333333333333337,1.0
0,0.0,0.0
10,0.33333333333333337,1.0
0,0.0,0.0
10,0.33333333333333337,1.0
0,0.0,0.0
10,0.33333333333333337,1.0
0,0.0,0.0
10,0.33333333333333337,1.0
0,0.0,0.0
10,0.33333333333333337,1.0
0,0.0,0.0
10,0.33333333333333337,1.0
1,0.016666666666666663,0.29802469135802473
9,0.45,0.9
0,0.0,0.0
10,0.33333333333333337,1.0
0,0.0,0.0
10,0.33333333333333337,1.0
0,0.0,0.0
10,0.33333333333333337,1.0
0,0.0,0.0
10,0.33333333333333337,1.0
0,0.0,0.0
10,0.33333333333333337,1.0
1,0.016666666666666663,0.2979318734793187
10,0.33333333333333337,1.0
0,0.0,0.0
10,0.33333333333333337,1.0
0,0.0,0.0
10,0.33333333333333337,1.0
0,0.0,0.0
10,0.33333333333333337,1.0
0,0.0,0.0
10,0.33333333333333337,1.0
0,0.0,0.0
10,0.33333333333333337,1.0
0,0.0,0.0
10,0.33333333333333337,1.0
0,0.0,0.0
10,0.33333333333333337,1.0
0,0.0,0.0
10,0.33333333333333337,1.0
0,0.0,0.0
10,0.33333333333333337,1.0
0,0.0,0.0
10,0.33333333333333337,1.0
0,0.0,0.0
10,0.33333333333333337,1.0
0,0.0,0.0
10,0.33333333333333337,1.0
0,0.0,0.0
10,0.33333333333333337,1.0
0,0.0,0.0
10,0.33333333333333337,1.0
0,0.0,0.0
10,0.33333333333333337,1.0
0,0.0,0.0
10,0.33333333333333337,1.0
0,0.0,0.0
10,0.33333333333333337,1.0
0,0.0,0.0
9,0.45,0.9
0,0.0,0.0
9,0.45,0.9
0,0.0,0.0
10,0.33333333333333337,1.0
0,0.0,0.0
10,0.33333333333333337,1.0
0,0.0,0.0
10,0.33333333333333337,1.0
0,0.0,0.0
10,0.33333333333333337,1.0
0,0.0,0.0
10,0.33333333333333337,1.0
0,0.0,0.0
10,0.33333333333333337,1.0
0,0.0,0.0
10,0.33333333333333337,1.0
0,0.0,0.0
10,0.33333333333333337,1.0
1,0.016666666666666663,0.29783599088838275
10,0.33333333333333337,1.0
0,0.0,0.0
10,0.33333333333333337,1.0
0,0.0,0.0
10,0.33333333333333337,1.0
0,0.0,0.0
10,0.33333333333333337,1.0
1,0.016666666666666663,0.2978555304740407
9,0.45,0.9
0,0.0,0.0
10,0.33333333333333337,1.0
1,0.016666666666666663,0.2977528089887641
10,0.33333333333333337,1.0
0,0.0,0.0
10,0.33333333333333337,1.0
0,0.0,0.0
10,0.33333333333333337,1.0
0,0.0,0.0
10,0.33333333333333337,1.0
1,0.016666666666666663,0.2977728285077952
10,0.33333333333333337,1.0
0,0.0,0.0
10,0.33333333333333337,1.0
0,0.0,0.0
10,0.33333333333333337,1.0
0,0.0,0.0
9,0.45,0.9
1,0.016666666666666663,0.29768211920529797
10,0.33333333333333337,1.0
0,0.0,0.0
10,0.33333333333333337,1.0
1,0.016666666666666663,0.2976923076923077
10,0.33333333333333337,1.0
0,0.0,0.0
10,0.33333333333333337,1.0
0,0.0,0.0
10,0.33333333333333337,1.0
1,0.016666666666666663,0.29770742358078606
10,0.33333333333333337,1.0
0,0.0,0.0
10,0.33333333333333337,1.0
0,0.0,0.0
10,0.33333333333333337,1.0
0,0.0,0.0
10,0.33333333333333337,1.0
0,0.0,0.0
10,0.33333333333333337,1.0
0,0.0,0.0
10,0.33333333333333337,1.0
0,0.0,0.0
9,0.45,0.9
0,0.0,0.0
10,0.33333333333333337,1.0
1,0.016666666666666663,0.29763948497854076
10,0.33333333333333337,1.0
0,0.0,0.0
10,0.33333333333333337,1.0
0,0.0,0.0
10,0.33333333333333337,1.0
0,0.0,0.0
10,0.33333333333333337,1.0
0,0.0,0.0
10,0.33333333333333337,1.0
0,0.0,0.0
10,0.33333333333333337,1.0
0,0.0,0.0
10,0.33333333333333337,1.0
1,0.016666666666666663,0.29767441860465116
10,0.33333333333333337,1.0
2,0.06666666666666668,0.5953586497890295
10,0.33333333333333337,1.0
0,0.0,0.0
10,0.33333333333333337,1.0
0,0.0,0.0
10,0.33333333333333337,1.0
0,0.0,0.0
10,0.33333333333333337,1.0
0,0.0,0.0
10,0.33333333333333337,1.0
0,0.0,0.0
10,0.33333333333333337,1.0
0,0.0,0.0
10,0.33333333333333337,1.0
0,0.0,0.0
10,0.33333333333333337,1.0
0,0.0,0.0
10,0.33333333333333337,1.0
0,0.0,0.0
10,0.33333333333333337,1.0
0,0.0,0.0
10,0.33333333333333337,1.0
0,0.0,0.0
10,0.33333333333333337,1.0
0,0.0,0.0
10,0.33333333333333337,1.0
0,0.0,0.0
10,0.33333333333333337,1.0
0,0.0,0.0
10,0.33333333333333337,1.0
0,0.0,0.0
10,0.33333333333333337,1.0
0,0.0,0.0
10,0.33333333333333337,1.0
0,0.0,0.0
10,0.33333333333333337,1.0
0,0.0,0.0
10,0.33333333333333337,1.0
0,0.0,0.0
10,0.33333333333333337,1.0
0,0.0,0.0
10,0.33333333333333337,1.0
1,0.016666666666666663,0.2977777777777778
10,0.33333333333333337,1.0
0,0.0,0.0
10,0.33333333333333337,1.0
0,0.0,0.0
10,0.33333333333333337,1.0
0,0.0,0.0
10,0.33333333333333337,1.0
0,0.0,0.0
9,0.45,0.9
0,0.0,0.0
