agent_type,bar_type,rounds,metric,n_seeds,mean,std,coefficient_of_variation,normal_ci_lo,normal_ci_hi,bootstrap_ci_lo,bootstrap_ci_hi,flagged_high_dispersion
bayesian,gp,10,attendance,100,1.8869999999999998,0.5918051481132395,0.31362223005471096,1.7695730193077597,2.00442698069224,1.7719999999999998,2.003,False
bayesian,gp,10,price,100,7.284800000000001,1.095242678703001,0.15034629347449496,7.067480091081659,7.502119908918342,7.0656,7.499200000000001,False
bayesian,gp,10,profit,100,8.401499999999999,3.089112969671705,0.36768588581464084,7.788552968021193,9.014447031978804,7.793984999999999,9.008105000000002,False
bayesian,gp,10,welfare,100,10.911650851200777,5.421876275394119,0.496888724660528,9.835832969696654,11.987468732704901,9.866071539485732,11.979744367433298,False
bayesian,gp,100,attendance,100,2.5735999999999994,0.41381819069428905,0.16079351519050714,2.4914894931149565,2.6557105068850424,2.4929,2.6549025,False
bayesian,gp,100,price,100,6.57088,1.4175851516654014,0.21573748899164213,6.289600351174831,6.852159648825169,6.301432,6.852008000000001,False
bayesian,gp,100,profit,100,13.501199999999999,2.639611124557723,0.19550937135645152,12.977443886105647,14.024956113894351,12.976059000000003,14.009412999999995,False
bayesian,gp,100,welfare,100,15.293171483657288,4.363930796280192,0.2853515898218764,14.427272937504371,16.159070029810206,14.445901274158048,16.14968311602501,False
bayesian,gp,1000,attendance,100,2.7842700000000002,0.32187097782129465,0.1156033638337139,2.7204038149583294,2.848136185041671,2.7196299999999995,2.84482075,False
bayesian,gp,1000,price,100,6.67544,1.1904593310944722,0.17833421184138756,6.439227041506812,6.911652958493188,6.447933200000001,6.9176779999999995,False
bayesian,gp,1000,profit,100,15.709019000000001,2.0604033619851716,0.13116053663091065,15.30019027220434,16.117847727795663,15.303232924999998,16.11053665,False
bayesian,gp,1000,welfare,100,17.187701128359272,3.5073356787162098,0.20406077883965498,16.491769637498017,17.883632619220528,16.490269853101392,17.851500732237454,False
bayesian,passive,10,attendance,100,0.6779999999999999,0.4267755542874659,0.6294624694505397,0.593318471066012,0.7626815289339879,0.5960000000000001,0.7620000000000001,False
bayesian,passive,10,price,100,10.0,0.0,0.0,10.0,10.0,10.0,10.0,False
bayesian,passive,10,profit,100,5.576600000000001,4.139722876588419,0.7423381409081552,4.755189169340318,6.3980108306596835,4.781200000000001,6.391400000000001,False
bayesian,passive,10,welfare,100,1.2433028475422585,1.8811539553078642,1.5130295559336164,0.8700410908756884,1.6165646042088286,0.8891701857297424,1.622840832992952,True
bayesian,passive,100,attendance,100,1.5983,0.332432282160175,0.2079911669650097,1.5323382230483222,1.6642617769516779,1.5332000000000001,1.6621024999999996,False
bayesian,passive,100,price,100,10.0,0.0,0.0,10.0,10.0,10.0,10.0,False
bayesian,passive,100,profit,100,14.50351,3.2245931369536973,0.22233191392660792,13.863680763568725,15.143339236431276,13.87204,15.12239425,False
bayesian,passive,100,welfare,100,6.147250792216121,2.3681883885662303,0.3852434964203704,5.677350837701797,6.617150746730444,5.692392735938922,6.603638530378518,False
bayesian,passive,1000,attendance,100,1.90207,0.24089006902223126,0.1266462690764437,1.8542721841577265,1.9498678158422733,1.8542390000000002,1.9483202500000003,False
bayesian,passive,1000,price,100,10.0,0.0,0.0,10.0,10.0,10.0,10.0,False
bayesian,passive,1000,profit,100,17.450078999999995,2.3366336695156438,0.1339039020691909,16.986440186329943,17.913717813670047,16.986118299999998,17.898706425,False
bayesian,passive,1000,welfare,100,8.31263078324612,1.9951319971039043,0.24001210316294067,7.916753310315518,8.708508256176724,7.9227250331277475,8.695873834297297,False
bayesian,q_learning,10,attendance,100,3.605999999999999,0.5748640594685729,0.15941876302511732,3.4919344988344667,3.7200655011655313,3.4939749999999994,3.7190000000000003,False
bayesian,q_learning,10,price,100,3.3240000000000003,0.8426892977398327,0.25351663590247675,3.1567921610504173,3.4912078389495833,3.16,3.491999999999999,False
bayesian,q_learning,10,profit,100,6.6701999999999995,1.769257094564458,0.2652479827538092,6.319141008125067,7.021258991874932,6.3286,7.01621,False
bayesian,q_learning,10,welfare,100,27.18893043785207,6.417686899838146,0.23604043250276324,25.915522124188776,28.46233875151536,25.93204288210226,28.451320464962272,False
bayesian,q_learning,100,attendance,100,3.5377000000000005,0.3117297942873999,0.08811651476592132,3.47584604578604,3.599553954213961,3.4767,3.5984,False
bayesian,q_learning,100,price,100,3.3624,0.4620138613513755,0.1374059782748559,3.2707264264438707,3.4540735735561294,3.2764000000000006,3.4544,False
bayesian,q_learning,100,profit,100,6.8752900000000015,1.0660920165622565,0.1550613889104687,6.663754214878624,7.086825785121379,6.669858,7.08913225,False
bayesian,q_learning,100,welfare,100,26.54201983580607,3.614167736235876,0.13616777316096507,25.824890546994478,27.25914912461766,25.818510796015882,27.24618654851223,False
bayesian,q_learning,1000,attendance,100,4.0299000000000005,0.2397702393475213,0.059497813679625124,3.9823243826600723,4.077475617339929,3.9827395,4.0757815,False
bayesian,q_learning,1000,price,100,2.8167,0.4750773993293465,0.16866453627626177,2.722434337093512,2.910965662906488,2.7281994999999992,2.9114005,False
bayesian,q_learning,1000,profit,100,7.272810000000001,0.8156749594629896,0.11215403117405646,7.110962391844898,7.434657608155104,7.120355774999999,7.43800585,False
bayesian,q_learning,1000,welfare,100,31.618240242910375,2.542325749060223,0.08040693376761467,31.11378765813638,32.12269282768437,31.122762608175673,32.10692364353189,False
bayesian,regression,10,attendance,100,0.934,0.4385973971282511,0.46959036095101825,0.8469727609696445,1.0210272390303556,0.851,1.0199999999999998,False
bayesian,regression,10,price,100,8.95479913178705,0.27377105618558534,0.03057255133884289,8.900477014733335,9.009121248840765,8.900508198293021,9.004777663575902,False
bayesian,regression,10,profit,100,6.600703519470385,3.732078921139025,0.565406234370374,5.860178093472145,7.341228945468625,5.887865508715801,7.332595003841652,False
bayesian,regression,10,welfare,100,2.7236764437033463,2.516983275283976,0.924112436740712,2.22425235553555,3.2231005318711428,2.252358309524537,3.2175691673249203,False
bayesian,regression,100,attendance,100,3.731299999999999,0.7563010129718339,0.20269102269231476,3.58123347095593,3.8813665290440684,3.5735950000000005,3.8739025000000002,False
bayesian,regression,100,price,100,3.8852174402136366,2.3575789739747965,0.6068074722338218,3.417422623727186,4.353012256700087,3.4453470468648613,4.373159060259912,False
bayesian,regression,100,profit,100,8.53874639721504,3.5752085392448376,0.4187041484697229,7.829347458312427,9.248145336117652,7.860205142381014,9.2762416526173,False
bayesian,regression,100,welfare,100,28.560557977547614,8.32327870536586,0.29142563362764345,26.909038907551096,30.21207704754413,26.83990935829714,30.126790333544182,False
bayesian,regression,1000,attendance,100,4.4442900000000005,0.13196099018002605,0.029692254596353083,4.418106076633667,4.470473923366334,4.417809500000001,4.46920125,False
bayesian,regression,1000,price,100,2.3803539735941626,0.7430057159388389,0.31214085139486797,2.232925519925018,2.527782427263307,2.2463022402546313,2.538244280823046,False
bayesian,regression,1000,profit,100,7.331040714244234,1.612340157394746,0.21993332464543053,7.0111174470416175,7.650963981446851,7.038609094302732,7.671981182853179,False
bayesian,regression,1000,welfare,100,35.9383162472402,1.4084924139727968,0.03919194222353026,35.65884079484163,36.217791699638774,35.658289418382424,36.20309854002949,False
heuristic,gp,10,attendance,100,4.752999999999999,0.4100886822051144,0.0862799668009919,4.6716295085114865,4.834370491488512,4.672,4.833,False
heuristic,gp,10,price,100,7.9088,0.6596008587996932,0.08340087735177185,7.777920879468869,8.039679120531131,7.7808,8.039999999999997,False
heuristic,gp,10,profit,100,33.92170000000001,5.520159208471137,0.16273238689308422,32.82638065230958,35.017019347690436,32.833760000000005,35.0080025,False
heuristic,gp,10,welfare,100,38.556068912021885,5.789332448720524,0.15015359739943288,37.40733975370983,39.70479807033394,37.41762547244382,39.680807536203744,False
heuristic,gp,100,attendance,100,3.0345000000000004,0.4666350097487675,0.15377657266395367,2.9419094903452807,3.12709050965472,2.9418,3.1225024999999995,False
heuristic,gp,100,price,100,9.527519999999999,0.27091362371640065,0.028434852271776986,9.473764859540621,9.581275140459377,9.470400000000001,9.577599999999999,False
heuristic,gp,100,profit,100,26.612570000000005,4.610231143562185,0.17323509693209577,25.697800121421235,27.527339878578776,25.705676750000002,27.487841500000002,False
heuristic,gp,100,welfare,100,17.63213197043602,4.8362943060112995,0.27428868579933297,16.672506255951173,18.591757684920868,16.685926158568645,18.55966851999524,False
heuristic,gp,1000,attendance,100,2.38906,0.41332247835208663,0.17300631978773517,2.3070478531982084,2.471072146801792,2.3108185,2.47123075,False
heuristic,gp,1000,price,100,9.943472,0.032451007610696705,0.003263548950577495,9.93703301606028,9.94991098393972,9.936368000000002,9.949232,False
heuristic,gp,1000,profit,100,21.971994000000006,4.015530686988394,0.18275677150596314,21.175225594126225,22.768762405873787,21.212828625,22.765344874999997,False
heuristic,gp,1000,welfare,100,10.524337004283357,3.89751113391606,0.37033317465316734,9.750986238192052,11.297687770374662,9.783503056620217,11.294294321828222,False
heuristic,passive,10,attendance,100,4.813,0.36725985075937445,0.0763058073466392,4.740127677848615,4.885872322151385,4.740975,4.884,False
heuristic,passive,10,price,100,10.0,0.0,0.0,10.0,10.0,10.0,10.0,False
heuristic,passive,10,profit,100,45.68610000000002,3.562420552365932,0.07797602667695275,44.97923847513159,46.39296152486845,44.98745749999999,46.37480000000001,False
heuristic,passive,10,welfare,100,39.562720505773925,5.023290448908599,0.1269702989251076,38.565990699627264,40.559450311920585,38.56629235378467,40.52932124337755,False
heuristic,passive,100,attendance,100,3.0662000000000007,0.36104164677647743,0.11774889008429892,2.9945615044237446,3.137838495576257,2.9949975000000006,3.1355,False
heuristic,passive,100,price,100,10.0,0.0,0.0,10.0,10.0,10.0,10.0,False
heuristic,passive,100,profit,100,28.74214000000001,3.5021039737318302,0.12184562366378526,28.047246592910327,29.437033407089693,28.05147575,29.41435,False
heuristic,passive,100,welfare,100,17.838442759155797,3.7302110863650895,0.20911080281660313,17.098287952099678,18.578597566211915,17.10460191315486,18.559346742795565,False
heuristic,passive,1000,attendance,100,2.4145999999999996,0.3752488736448347,0.1554082968793319,2.3401424823850205,2.4890575176149787,2.343609,2.4887602499999995,False
heuristic,passive,1000,price,100,10.0,0.0,0.0,10.0,10.0,10.0,10.0,False
heuristic,passive,1000,profit,100,22.421620000000004,3.639914074354901,0.16233947744877045,21.699382079134708,23.1438579208653,21.7330073,23.140974425000003,False
heuristic,passive,1000,welfare,100,10.723163617785788,3.6394110450612858,0.3393971382684901,10.001025508845645,11.445301726725932,10.031489124443853,11.441793924089595,False
heuristic,q_learning,10,attendance,100,4.774,0.37889259158710925,0.07936585496169025,4.698819489694235,4.849180510305765,4.699000000000001,4.846,False
heuristic,q_learning,10,price,100,3.7799999999999994,1.1903653628066035,0.31491147164195865,3.5438056868537817,4.016194313146217,3.5460000000000003,4.013999999999999,False
heuristic,q_learning,10,profit,100,15.547799999999997,6.218667170201134,0.3999708749920333,14.313881518461294,16.7817184815387,14.319965,16.778575000000004,False
heuristic,q_learning,10,welfare,100,38.70896743183267,5.238970561626183,0.13534255520641628,37.66944201210858,39.748492851556755,37.68781221057812,39.71554833546557,False
heuristic,q_learning,100,attendance,100,3.0820000000000003,0.4508174393658298,0.1462743151738578,2.992548039473954,3.1714519605260465,2.991697500000001,3.1670024999999997,False
heuristic,q_learning,100,price,100,6.442399999999999,1.8308496233809983,0.28418751139032017,6.079119714148181,6.8056802858518175,6.07299,6.792404999999999,False
heuristic,q_learning,100,profit,100,17.4398,6.1594805861297335,0.3531852765587755,16.217625420803397,18.661974579196606,16.219603999999993,18.6279385,False
heuristic,q_learning,100,welfare,100,18.09903152827225,4.6973469281637765,0.25953581664444947,17.166975988037755,19.031087068506743,17.169854091092862,18.995050896316517,False
heuristic,q_learning,1000,attendance,100,2.43105,0.42601634565785945,0.17523964774803458,2.3465191145292774,2.5155808854707224,2.3491262500000003,2.5158004999999997,False
heuristic,q_learning,1000,price,100,6.624700000000001,2.1667143934137383,0.32706603973217474,6.194776857134219,7.054623142865783,6.2001375,7.050627000000001,False
heuristic,q_learning,1000,profit,100,14.536525000000001,5.880166847257901,0.4045098018445193,13.369772326351443,15.703277673648559,13.39526025,15.6825673,False
heuristic,q_learning,1000,welfare,100,10.931274579128182,4.028683052332563,0.36854650600624367,10.131896458627464,11.7306526996289,10.164842676458422,11.737679687188754,False
heuristic,regression,10,attendance,100,4.813,0.36725985075937445,0.0763058073466392,4.740127677848615,4.885872322151385,4.740975,4.884,False
heuristic,regression,10,price,100,9.832312188675504,0.08154539109575991,0.00829361288890734,9.816131813941908,9.8484925634091,9.816293671162123,9.84759138179403,False
heuristic,regression,10,profit,100,44.91391027347464,3.6854417329820612,0.08205568632394535,44.18263867740794,45.64518186954135,44.18915077318654,45.62669842569797,False
heuristic,regression,10,welfare,100,39.562720505773925,5.023290448908599,0.1269702989251076,38.565990699627264,40.559450311920585,38.56629235378467,40.52932124337755,False
heuristic,regression,100,attendance,100,3.0662000000000007,0.36104164677647743,0.11774889008429892,2.9945615044237446,3.137838495576257,2.9949975000000006,3.1355,False
heuristic,regression,100,price,100,8.844533045398121,1.665008222647018,0.18825281268108718,8.514159291407422,9.17490679938882,8.49129009657453,9.154491968390618,False
heuristic,regression,100,profit,100,25.589327536309753,5.723636158834399,0.22367278509811933,24.453633947202533,26.725021125416973,24.414012348280547,26.678185895687598,False
heuristic,regression,100,welfare,100,17.838442759155797,3.7302110863650895,0.20911080281660313,17.098287952099678,18.578597566211915,17.10460191315486,18.559346742795565,False
heuristic,regression,1000,attendance,100,2.4145999999999996,0.3752488736448347,0.1554082968793319,2.3401424823850205,2.4890575176149787,2.343609,2.4887602499999995,False
heuristic,regression,1000,price,100,3.6673884091805946,0.6360472014897028,0.17343328017765508,3.5411828452600975,3.7935939731010917,3.5439152783502723,3.793825412169542,False
heuristic,regression,1000,profit,100,7.719050068426112,2.0586200095892986,0.26669343913311916,7.310575196435904,8.12752494041632,7.3181447991889605,8.121810638144222,False
heuristic,regression,1000,welfare,100,10.723163617785788,3.6394110450612858,0.3393971382684901,10.001025508845645,11.445301726725932,10.031489124443853,11.441793924089595,False
no_regret,gp,10,attendance,100,5.121,0.4956976514127958,0.09679704186932157,5.022642831720516,5.219357168279485,5.02,5.2170000000000005,False
no_regret,gp,10,price,100,8.0224,0.6514213209388662,0.08120030426541512,7.893143877236828,8.151656122763171,7.8991999999999996,8.15044,False
no_regret,gp,10,profit,100,38.688100000000006,4.3668953664375945,0.11287438169456743,37.82161321881104,39.55458678118897,37.835989999999995,39.547207500000006,False
no_regret,gp,10,welfare,100,41.88204146700531,5.282199085243391,0.1261208599252429,40.833938570345886,42.93014436366473,40.811016240746405,42.907094616066736,False
no_regret,gp,100,attendance,100,1.4695000000000003,0.4023927801227919,0.27382972447961335,1.3896565424484373,1.5493434575515632,1.3909975000000003,1.5490049999999997,False
no_regret,gp,100,price,100,8.35376,0.5433145771070104,0.06503832730495135,8.245954600606026,8.461565399393972,8.24672,8.458568,False
no_regret,gp,100,profit,100,11.994309999999999,3.5504038600694368,0.2960073451552809,11.289832847587236,12.698787152412761,11.30276025,12.697133500000005,False
no_regret,gp,100,welfare,100,10.235597862916167,3.424482563416599,0.3345659539657754,9.556106227641836,10.915089498190499,9.57349220229895,10.909502331643411,False
no_regret,gp,1000,attendance,100,0.14694999999999997,0.04023927801227918,0.2738297244796134,0.13896565424484367,0.15493434575515627,0.13909975000000002,0.1549005,False
no_regret,gp,1000,price,100,6.425136,0.17179103792430825,0.026737338777624044,6.391048931041996,6.459223068958004,6.3916316,6.458688799999999,False
no_regret,gp,1000,profit,100,0.299431,0.3550403860069437,1.1857168630066484,0.22898328475872376,0.36987871524127625,0.23027602499999997,0.3697133499999999,True
no_regret,gp,1000,welfare,100,0.12355978629161657,0.3424482563416599,2.7715186843512267,0.05561062276418334,0.1915089498190498,0.05734922022989533,0.19095023316434115,True
no_regret,passive,10,attendance,100,4.544999999999999,0.530746567762731,0.11677592250005085,4.439688366324887,4.650311633675111,4.44,4.646,False
no_regret,passive,10,price,100,10.0,0.0,0.0,10.0,10.0,10.0,10.0,False
no_regret,passive,10,profit,100,43.08649999999999,5.148241707298491,0.11948618957906752,42.0649771533514,44.10802284664857,42.068000000000005,44.0662,False
no_regret,passive,10,welfare,100,36.32641036649949,5.983280894753233,0.16470883950237658,35.139197628752235,37.51362310424674,35.1429871118035,37.49312311582425,False
no_regret,passive,100,attendance,100,0.8978999999999998,0.20640890572752998,0.22987961435296808,0.8569439950297031,0.9388560049702965,0.8596,0.9389,False
no_regret,passive,100,price,100,10.0,0.0,0.0,10.0,10.0,10.0,10.0,False
no_regret,passive,100,profit,100,7.70963,2.002166385557041,0.2596968188560334,7.312356751788121,8.106903248211879,7.33812,8.107330000000001,False
no_regret,passive,100,welfare,100,5.425214426908938,1.8558925210325796,0.3420864826701403,5.056965086853408,5.793463766964468,5.07678230751894,5.791963088817918,False
no_regret,passive,1000,attendance,100,0.08978999999999998,0.020640890572753,0.22987961435296808,0.08569439950297031,0.09388560049702965,0.08596,0.09389000000000002,False
no_regret,passive,1000,price,100,10.0,0.0,0.0,10.0,10.0,10.0,10.0,False
no_regret,passive,1000,profit,100,-0.12903699999999996,0.20021663855570407,1.5516219267009008,-0.1687643248211878,-0.0893096751788121,-0.16618799999999992,-0.08926699999999997,True
no_regret,passive,1000,welfare,100,-0.35747855730910627,0.18558925210325794,0.5191619142145685,-0.39430349131465925,-0.3206536233035533,-0.392321769248106,-0.320803691118208,False
no_regret,q_learning,10,attendance,100,5.469000000000001,0.3642329701793299,0.06659955571024498,5.396728276624351,5.541271723375651,5.397000000000002,5.539000000000001,False
no_regret,q_learning,10,price,100,3.5940000000000003,1.1236502565255342,0.3126461481707107,3.371043411334761,3.8169565886652395,3.378,3.812,False
no_regret,q_learning,10,profit,100,17.0333,6.35807035954854,0.373272962934284,15.771720901320464,18.294879098679537,15.798879999999999,18.2822125,False
no_regret,q_learning,10,welfare,100,44.226598901518294,4.058528413198473,0.09176668597636939,43.42129881392194,45.031898989114644,43.44028493716247,44.99410080240394,False
no_regret,q_learning,100,attendance,100,7.9207,0.8911135412697663,0.11250439244887021,7.743883740562433,8.097516259437567,7.7426975,8.093404999999999,False
no_regret,q_learning,100,price,100,5.322,1.1679300518698053,0.21945322282408966,5.090257339281273,5.5537426607187275,5.092790000000001,5.547219999999999,False
no_regret,q_learning,100,profit,100,38.52379,8.382580954604917,0.2175949187399505,36.860504077182746,40.18707592281725,36.89029850000001,40.1215195,False
no_regret,q_learning,100,welfare,100,47.52032987727553,3.9775735425899685,0.08370256588837496,46.73109299233666,48.309566762214395,46.71278463259937,48.300041656007785,False
no_regret,q_learning,1000,attendance,100,8.60886,1.565161617627052,0.18180823217325545,8.2982979786332,8.9194220213668,8.29772675,8.90960375,False
no_regret,q_learning,1000,price,100,5.2782599999999995,1.7170290210098078,0.32530209216859496,4.93756419101465,5.618955808985349,4.943215499999999,5.600046500000001,False
no_regret,q_learning,1000,profit,100,39.555941999999995,13.901299057523472,0.35143390233314314,36.79762267609896,42.31426132390103,36.868744775,42.22393615000001,False
no_regret,q_learning,1000,welfare,100,41.24244257329896,8.219582503690608,0.19929911981042805,39.611499079420355,42.87338606717756,39.62793356753713,42.842006691975264,False
no_regret,regression,10,attendance,100,4.598,0.5230022114019338,0.11374558751673201,4.49422501464191,4.70177498535809,4.493,4.698,False
no_regret,regression,10,price,100,9.765560439308517,0.10209336572897645,0.010454429765037174,9.745302900616123,9.785817978000912,9.745056980070022,9.785040637812953,False
no_regret,regression,10,profit,100,42.51176756366065,5.288619016169832,0.12440364913668234,41.462390813424,43.561144313897294,41.44365527488497,43.527818935402415,False
no_regret,regression,10,welfare,100,36.95820912016729,5.896712754090207,0.15955082495792522,35.78817337963713,38.12824486069745,35.76728230778694,38.08832067489951,False
no_regret,regression,100,attendance,100,1.4873000000000003,1.3337755743858422,0.8967764233079015,1.2226499895691705,1.75195001043083,1.245695,1.7655074999999998,False
no_regret,regression,100,price,100,8.832042843843405,1.5070403059943185,0.17063326487878605,8.533013351655615,9.131072336031195,8.522914850282612,9.11071886952675,False
no_regret,regression,100,profit,100,11.480175038512249,8.735508324479625,0.7609211789171192,9.746860668696575,13.213489408327922,9.88261481678742,13.267216610007251,False
no_regret,regression,100,welfare,100,10.075008402802503,10.489483409142434,1.0411389241347568,7.993667323422013,12.156349482182993,8.181410462090172,12.248643375254451,True
no_regret,regression,1000,attendance,100,0.46831999999999996,1.3096922830816544,2.7965755959208543,0.20844863705474648,0.7281913629452534,0.23451825,0.7480404999999998,True
no_regret,regression,1000,price,100,3.925472377995904,0.7635121469945352,0.19450197924570184,3.773975003515034,4.076969752476773,3.7780088372579583,4.0786674130676,False
no_regret,regression,1000,profit,100,2.0282366168446058,7.315473673539825,3.6068147142125593,0.5766879296524179,3.4797853040367936,0.73980749110889,3.6208680477131256,True
no_regret,regression,1000,welfare,100,1.9502584090937458,7.76372341742092,3.9808690895626486,0.40976724786624397,3.4907495703212477,0.589961514558064,3.601522989936733,True
q_learning,gp,10,attendance,100,1.5130000000000001,0.40741981921711795,0.2692794575129662,1.4321590688297123,1.593840931170288,1.4339999999999997,1.5939999999999999,False
q_learning,gp,10,price,100,7.796800000000001,0.7056637823619499,0.09050684670146084,7.656780996091684,7.936819003908318,7.656000000000001,7.932800000000001,False
q_learning,gp,10,profit,100,10.2217,3.5191688800142296,0.34428410929828007,9.523420545278038,10.919979454721963,9.533295,10.9116,False
q_learning,gp,10,welfare,100,6.178267555783877,3.3823506568524255,0.5474594012501106,5.507135804830273,6.84939930673748,5.52295011977981,6.857499626855834,False
q_learning,gp,100,attendance,100,1.4342,0.5575110272044361,0.38872613805915224,1.32357771691246,1.5448222830875398,1.3290975,1.54481,False
q_learning,gp,100,price,100,9.19504,0.7339442348012415,0.07981958042610379,9.049409540778827,9.340670459221174,9.050072000000002,9.335364,False
q_learning,gp,100,profit,100,10.953660000000003,2.930412727231301,0.2675281802823257,10.37220253914831,11.535117460851696,10.397508750000002,11.545450749999999,False
q_learning,gp,100,welfare,100,6.1001539955429624,4.967295074885008,0.8142901111208554,5.114534886431107,7.085773104654818,5.1592529934212985,7.099570469390866,False
q_learning,gp,1000,attendance,100,0.8885199999999999,1.0954901811379676,1.2329381231013008,0.6711509812289569,1.1058890187710428,0.6831897499999998,1.1105512499999997,True
q_learning,gp,1000,price,100,9.240272,1.3357601585719956,0.1445585323215589,8.975228205010767,9.505315794989231,8.973438,9.4963236,False
q_learning,gp,1000,profit,100,4.881828,4.699969167340947,0.9627478000742646,3.9492521506228595,5.81440384937714,3.9933397,5.835519525,False
q_learning,gp,1000,welfare,100,3.8711397035738013,8.235519429689255,2.1274146789603843,2.237033977822929,5.505245429324674,2.3244904149652434,5.542729425642832,True
q_learning,passive,10,attendance,100,1.4609999999999999,0.3404972596635454,0.23305767259654034,1.393437956540687,1.5285620434593128,1.3939999999999995,1.5289999999999995,False
q_learning,passive,10,price,100,10.0,0.0,0.0,10.0,10.0,10.0,10.0,False
q_learning,passive,10,profit,100,13.171699999999998,3.30282341873639,0.2507514913592316,12.516348178444662,13.827051821555333,12.521799999999999,13.831299999999999,False
q_learning,passive,10,welfare,100,5.550046151545265,2.5696870190106056,0.46300281994864917,5.040164497206024,6.059927805884507,5.045004957261056,6.053283429208126,False
q_learning,passive,100,attendance,100,1.1867999999999999,0.11630576212307929,0.09799946252365968,1.1637224135228208,1.209877586477179,1.1642000000000001,1.2091025,False
q_learning,passive,100,price,100,10.0,0.0,0.0,10.0,10.0,10.0,10.0,False
q_learning,passive,100,profit,100,10.511960000000002,1.1281658925938691,0.10732212571146284,10.288107411171364,10.73581258882864,10.292739999999998,10.728294250000001,False
q_learning,passive,100,welfare,100,3.8196562076300187,0.7372736076311286,0.1930209337055977,3.673365128608123,3.9659472866519145,3.6759908471391958,3.96278452688553,False
q_learning,passive,1000,attendance,100,0.40992000000000006,0.02133980962303728,0.05205847390475526,0.4056857188002343,0.41415428119976583,0.40578975,0.41406999999999994,False
q_learning,passive,1000,price,100,10.0,0.0,0.0,10.0,10.0,10.0,10.0,False
q_learning,passive,1000,profit,100,2.9762239999999998,0.20699615334346164,0.06954992411305791,2.935151472362272,3.0172965276377277,2.936160575,3.0164789999999995,False
q_learning,passive,1000,welfare,100,0.2941971431325022,0.10290306056552526,0.3497758661754889,0.27377894341807835,0.3146153428469261,0.2740795571795712,0.3141067511444428,False
q_learning,q_learning,10,attendance,100,1.8179999999999998,0.5591082365714355,0.3075402841427038,1.7070607959223367,1.928939204077663,1.7090000000000003,1.9280000000000002,False
q_learning,q_learning,10,price,100,3.8400000000000007,1.1115554667022045,0.28946756945369906,3.619443280034094,4.060556719965907,3.6279999999999997,4.058,False
q_learning,q_learning,10,profit,100,5.1426,2.3131288094027296,0.4497975361495605,4.683625060518019,5.6015749394819805,4.7060975,5.598605,False
q_learning,q_learning,10,welfare,100,8.751494143777643,4.6777132146575,0.5345045243483797,7.823334358259323,9.679653929295963,7.867650585784029,9.672599248329023,False
q_learning,q_learning,100,attendance,100,3.0289000000000006,0.6069727749207121,0.20039379805233318,2.908463433085088,3.149336566914913,2.9132975000000005,3.1478025,False
q_learning,q_learning,100,price,100,4.981,0.8678517538535406,0.17423243401998406,4.80879938385398,5.1532006161460195,4.818795000000001,5.14741,False
q_learning,q_learning,100,profit,100,9.89033,2.234232184813513,0.225900671141763,9.447009862511308,10.333650137488693,9.47206025,10.331227499999999,False
q_learning,q_learning,100,welfare,100,20.57650812475591,5.589893354450454,0.27166384697339235,19.467352009609826,21.685664239901996,19.49667502453609,21.66710857126154,False
q_learning,q_learning,1000,attendance,100,4.7066300000000005,0.8158577026725317,0.1733422220723812,4.544746131627481,4.86851386837252,4.552843750000001,4.87336075,False
q_learning,q_learning,1000,price,100,4.53106,0.7976090257637498,0.17603144203867302,4.372797065034124,4.689322934965876,4.3738585,4.68628,False
q_learning,q_learning,1000,profit,100,12.986791000000004,4.055302693209787,0.31226364489963576,12.182130965231913,13.791451034768095,12.2319219,13.795756325,False
q_learning,q_learning,1000,welfare,100,31.269779038607762,8.363315153633627,0.2674568036860036,29.610315868677823,32.9292422085377,29.703654845652185,32.93555517341336,False
q_learning,regression,10,attendance,100,1.465,0.34913312560388676,0.23831612669207286,1.395724413381642,1.5342755866183582,1.396,1.5340000000000003,False
q_learning,regression,10,price,100,9.239045031673372,0.26701194690616414,0.028900383750787177,9.186064068540642,9.292025994806103,9.185521904464554,9.287842532646119,False
q_learning,regression,10,profit,100,12.059277608416112,3.1295726966234296,0.25951576854316016,11.43830248882989,12.680252728002333,11.441743519778319,12.674772503087922,False
q_learning,regression,10,welfare,100,5.596867394577358,2.7041895248969516,0.48316126401653936,5.060297525017063,6.133437264137653,5.072374794971565,6.122641778892803,False
q_learning,regression,100,attendance,100,2.5913,1.2017820564108581,0.46377573280239964,2.352840367155719,2.8297596328442807,2.3554950000000003,2.8259999999999996,False
q_learning,regression,100,price,100,5.980582105955887,3.0051619299457646,0.5024865266799049,5.384292781589833,6.57687143032194,5.397353445474794,6.578315617395315,False
q_learning,regression,100,profit,100,8.396507271215128,1.710987895460894,0.20377376451831294,8.05701015260186,8.736004389828397,8.066170206571124,8.739693340172536,False
q_learning,regression,100,welfare,100,16.778372293192955,11.14263162972711,0.6641068296146769,14.567432436694205,18.989312149691706,14.577232048988776,18.952689699101857,False
q_learning,regression,1000,attendance,100,4.7268799999999995,1.4965296507438652,0.31659988210910056,4.4299360498442315,5.0238239501557675,4.42827625,5.016735499999999,False
q_learning,regression,1000,price,100,3.348135645545238,1.4607943180609106,0.43630081714417007,3.05828236067748,3.6379889304129955,3.0796683933581166,3.6437381636669053,False
q_learning,regression,1000,profit,100,9.527156656044577,3.1407495510990584,0.32966284322682843,8.90396380604676,10.150349506042394,8.919238569930316,10.1516676622404,False
q_learning,regression,1000,welfare,100,34.87478385277971,13.146251079802813,0.37695577226509425,32.26628242854411,37.483285277015305,32.28460959088784,37.44437067413356,False
