t,price,attendance,profit,feasible,mean_agent_utility,agent_surplus,social_welfare
0,10.0,1,8.7,False,-0.7506477912227038,-7.506477912227037,1.1935220877729622
1,5.2,2,8.8,True,-0.2177754189856252,-2.177754189856252,6.622245810143749
2,8.4,1,7.1000000000000005,False,-0.5906477912227037,-5.906477912227038,1.1935220877729622
3,8.4,0,-1.0,False,0.0,-0.0,-1.0
4,3.6,3,8.9,True,0.7395919791379001,7.395919791379001,16.295919791379003
5,5.2,4,18.6,True,1.122949611667232,11.229496116672319,29.82949611667232
6,5.2,0,-1.0,False,0.0,-0.0,-1.0
7,5.2,1,3.9000000000000004,False,-0.27064779122270377,-2.706477912227038,1.1935220877729622
8,5.2,2,8.8,True,-0.2177754189856252,-2.177754189856252,6.622245810143749
9,5.2,3,13.700000000000001,True,0.2595919791379001,2.595919791379001,16.295919791379003
10,5.2,6,28.400000000000002,True,2.88,28.799999999999997,57.2
11,5.2,1,3.9000000000000004,False,-0.27064779122270377,-2.706477912227038,1.1935220877729622
12,5.2,1,3.9000000000000004,False,-0.27064779122270377,-2.706477912227038,1.1935220877729622
13,5.2,3,13.700000000000001,True,0.2595919791379001,2.595919791379001,16.295919791379003
14,5.2,8,38.2,True,2.245899223334464,22.458992233344638,60.65899223334464
15,6.800000000000001,2,12.000000000000002,True,-0.5377754189856253,-5.377754189856253,6.622245810143749
16,6.800000000000001,4,25.000000000000004,True,0.4829496116672317,4.829496116672317,29.82949611667232
17,6.800000000000001,3,18.500000000000004,True,-0.22040802086210007,-2.2040802086210007,16.295919791379003
18,6.800000000000001,7,44.50000000000001,True,1.861716282347357,18.61716282347357,63.11716282347357
19,6.800000000000001,0,-1.0,False,0.0,-0.0,-1.0
20,10.0,1,8.7,False,-0.7506477912227038,-7.506477912227037,1.1935220877729622
21,10.0,1,8.7,False,-0.7506477912227038,-7.506477912227037,1.1935220877729622
22,10.0,1,8.7,False,-0.7506477912227038,-7.506477912227037,1.1935220877729622
23,10.0,2,18.4,True,-1.177775418985625,-11.777754189856251,6.622245810143749
24,10.0,0,-1.0,False,0.0,-0.0,-1.0
25,6.800000000000001,1,5.500000000000001,False,-0.4306477912227038,-4.306477912227038,1.1935220877729622
26,6.800000000000001,1,5.500000000000001,False,-0.4306477912227038,-4.306477912227038,1.1935220877729622
27,6.800000000000001,2,12.000000000000002,True,-0.5377754189856253,-5.377754189856253,6.622245810143749
28,6.800000000000001,5,31.5,True,1.3297973445338265,13.297973445338265,44.79797344533827
29,6.800000000000001,3,18.500000000000004,True,-0.22040802086210007,-2.2040802086210007,16.295919791379003
30,6.800000000000001,7,44.50000000000001,True,1.861716282347357,18.61716282347357,63.11716282347357
31,6.800000000000001,0,-1.0,False,0.0,-0.0,-1.0
32,6.800000000000001,4,25.000000000000004,True,0.4829496116672317,4.829496116672317,29.82949611667232
33,6.800000000000001,0,-1.0,False,0.0,-0.0,-1.0
34,6.800000000000001,5,31.5,True,1.3297973445338265,13.297973445338265,44.79797344533827
35,6.800000000000001,2,12.000000000000002,True,-0.5377754189856253,-5.377754189856253,6.622245810143749
36,6.800000000000001,5,31.5,True,1.3297973445338265,13.297973445338265,44.79797344533827
37,6.800000000000001,1,5.500000000000001,False,-0.4306477912227038,-4.306477912227038,1.1935220877729622
38,6.800000000000001,1,5.500000000000001,False,-0.4306477912227038,-4.306477912227038,1.1935220877729622
39,6.800000000000001,1,5.500000000000001,False,-0.4306477912227038,-4.306477912227038,1.1935220877729622
40,6.800000000000001,2,12.000000000000002,True,-0.5377754189856253,-5.377754189856253,6.622245810143749
41,6.800000000000001,8,51.00000000000001,True,0.9658992233344634,9.658992233344634,60.65899223334464
42,6.800000000000001,0,-1.0,False,0.0,-0.0,-1.0
43,6.800000000000001,5,31.5,True,1.3297973445338265,13.297973445338265,44.79797344533827
44,6.800000000000001,1,5.500000000000001,False,-0.4306477912227038,-4.306477912227038,1.1935220877729622
45,6.800000000000001,1,5.500000000000001,False,-0.4306477912227038,-4.306477912227038,1.1935220877729622
46,6.800000000000001,1,5.500000000000001,False,-0.4306477912227038,-4.306477912227038,1.1935220877729622
47,6.800000000000001,0,-1.0,False,0.0,-0.0,-1.0
48,6.800000000000001,3,18.500000000000004,True,-0.22040802086210007,-2.2040802086210007,16.295919791379003
49,6.800000000000001,7,44.50000000000001,True,1.861716282347357,18.61716282347357,63.11716282347357
50,8.4,3,23.300000000000004,True,-0.7004080208621,-7.004080208621,16.295919791379003
51,8.4,0,-1.0,False,0.0,-0.0,-1.0
52,8.4,0,-1.0,False,0.0,-0.0,-1.0
53,8.4,3,23.300000000000004,True,-0.7004080208621,-7.004080208621,16.295919791379003
54,8.4,0,-1.0,False,0.0,-0.0,-1.0
55,6.800000000000001,5,31.5,True,1.3297973445338265,13.297973445338265,44.79797344533827
56,6.800000000000001,2,12.000000000000002,True,-0.5377754189856253,-5.377754189856253,6.622245810143749
57,6.800000000000001,7,44.50000000000001,True,1.861716282347357,18.61716282347357,63.11716282347357
58,6.800000000000001,1,5.500000000000001,False,-0.4306477912227038,-4.306477912227038,1.1935220877729622
59,6.800000000000001,0,-1.0,False,0.0,-0.0,-1.0
60,6.800000000000001,7,44.50000000000001,True,1.861716282347357,18.61716282347357,63.11716282347357
61,6.800000000000001,0,-1.0,False,0.0,-0.0,-1.0
62,6.800000000000001,10,64.0,True,-2.6888770949281264,-26.888770949281266,37.11122905071874
63,6.800000000000001,2,12.000000000000002,True,-0.5377754189856253,-5.377754189856253,6.622245810143749
64,6.800000000000001,8,51.00000000000001,True,0.9658992233344634,9.658992233344634,60.65899223334464
65,6.800000000000001,1,5.500000000000001,False,-0.4306477912227038,-4.306477912227038,1.1935220877729622
66,6.800000000000001,1,5.500000000000001,False,-0.4306477912227038,-4.306477912227038,1.1935220877729622
67,6.800000000000001,1,5.500000000000001,False,-0.4306477912227038,-4.306477912227038,1.1935220877729622
68,6.800000000000001,4,25.000000000000004,True,0.4829496116672317,4.829496116672317,29.82949611667232
69,6.800000000000001,0,-1.0,False,0.0,-0.0,-1.0
70,6.800000000000001,6,38.00000000000001,True,1.9199999999999995,19.199999999999996,57.2
71,6.800000000000001,2,12.000000000000002,True,-0.5377754189856253,-5.377754189856253,6.622245810143749
72,6.800000000000001,9,57.5,True,-0.6612240625863002,-6.612240625863002,50.887759374137005
73,6.800000000000001,0,-1.0,False,0.0,-0.0,-1.0
74,6.800000000000001,7,44.50000000000001,True,1.861716282347357,18.61716282347357,63.11716282347357
75,6.800000000000001,2,12.000000000000002,True,-0.5377754189856253,-5.377754189856253,6.622245810143749
76,6.800000000000001,8,51.00000000000001,True,0.9658992233344634,9.658992233344634,60.65899223334464
77,6.800000000000001,1,5.500000000000001,False,-0.4306477912227038,-4.306477912227038,1.1935220877729622
78,6.800000000000001,0,-1.0,False,0.0,-0.0,-1.0
79,6.800000000000001,5,31.5,True,1.3297973445338265,13.297973445338265,44.79797344533827
80,6.800000000000001,0,-1.0,False,0.0,-0.0,-1.0
81,6.800000000000001,6,38.00000000000001,True,1.9199999999999995,19.199999999999996,57.2
82,6.800000000000001,1,5.500000000000001,False,-0.4306477912227038,-4.306477912227038,1.1935220877729622
83,6.800000000000001,1,5.500000000000001,False,-0.4306477912227038,-4.306477912227038,1.1935220877729622
84,6.800000000000001,3,18.500000000000004,True,-0.22040802086210007,-2.2040802086210007,16.295919791379003
85,6.800000000000001,8,51.00000000000001,True,0.9658992233344634,9.658992233344634,60.65899223334464
86,6.800000000000001,1,5.500000000000001,False,-0.4306477912227038,-4.306477912227038,1.1935220877729622
87,6.800000000000001,0,-1.0,False,0.0,-0.0,-1.0
88,6.800000000000001,4,25.000000000000004,True,0.4829496116672317,4.829496116672317,29.82949611667232
89,6.800000000000001,1,5.500000000000001,False,-0.4306477912227038,-4.306477912227038,1.1935220877729622
90,6.800000000000001,2,12.000000000000002,True,-0.5377754189856253,-5.377754189856253,6.622245810143749
91,6.800000000000001,8,51.00000000000001,True,0.9658992233344634,9.658992233344634,60.65899223334464
92,6.800000000000001,1,5.500000000000001,False,-0.4306477912227038,-4.306477912227038,1.1935220877729622
93,6.800000000000001,0,-1.0,False,0.0,-0.0,-1.0
94,6.800000000000001,7,44.50000000000001,True,1.861716282347357,18.61716282347357,63.11716282347357
95,6.800000000000001,1,5.500000000000001,False,-0.4306477912227038,-4.306477912227038,1.1935220877729622
96,6.800000000000001,0,-1.0,False,0.0,-0.0,-1.0
97,6.800000000000001,5,31.5,True,1.3297973445338265,13.297973445338265,44.79797344533827
98,6.800000000000001,1,5.500000000000001,False,-0.4306477912227038,-4.306477912227038,1.1935220877729622
99,6.800000000000001,1,5.500000000000001,False,-0.4306477912227038,-4.306477912227038,1.1935220877729622
100,6.800000000000001,0,-1.0,False,0.0,-0.0,-1.0
101,6.800000000000001,7,44.50000000000001,True,1.861716282347357,18.61716282347357,63.11716282347357
102,6.800000000000001,1,5.500000000000001,False,-0.4306477912227038,-4.306477912227038,1.1935220877729622
103,6.800000000000001,3,18.500000000000004,True,-0.22040802086210007,-2.2040802086210007,16.295919791379003
104,6.800000000000001,8,51.00000000000001,True,0.9658992233344634,9.658992233344634,60.65899223334464
105,6.800000000000001,0,-1.0,False,0.0,-0.0,-1.0
106,6.800000000000001,7,44.50000000000001,True,1.861716282347357,18.61716282347357,63.11716282347357
107,6.800000000000001,0,-1.0,False,0.0,-0.0,-1.0
108,6.800000000000001,7,44.50000000000001,True,1.861716282347357,18.61716282347357,63.11716282347357
109,6.800000000000001,0,-1.0,False,0.0,-0.0,-1.0
110,6.800000000000001,6,38.00000000000001,True,1.9199999999999995,19.199999999999996,57.2
111,6.800000000000001,3,18.500000000000004,True,-0.22040802086210007,-2.2040802086210007,16.295919791379003
112,6.800000000000001,6,38.00000000000001,True,1.9199999999999995,19.199999999999996,57.2
113,6.800000000000001,1,5.500000000000001,False,-0.4306477912227038,-4.306477912227038,1.1935220877729622
114,6.800000000000001,2,12.000000000000002,True,-0.5377754189856253,-5.377754189856253,6.622245810143749
115,6.800000000000001,8,51.00000000000001,True,0.9658992233344634,9.658992233344634,60.65899223334464
116,6.800000000000001,3,18.500000000000004,True,-0.22040802086210007,-2.2040802086210007,16.295919791379003
117,6.800000000000001,7,44.50000000000001,True,1.861716282347357,18.61716282347357,63.11716282347357
118,6.800000000000001,2,12.000000000000002,True,-0.5377754189856253,-5.377754189856253,6.622245810143749
119,6.800000000000001,9,57.5,True,-0.6612240625863002,-6.612240625863002,50.887759374137005
120,6.800000000000001,1,5.500000000000001,False,-0.4306477912227038,-4.306477912227038,1.1935220877729622
121,6.800000000000001,0,-1.0,False,0.0,-0.0,-1.0
122,6.800000000000001,8,51.00000000000001,True,0.9658992233344634,9.658992233344634,60.65899223334464
123,6.800000000000001,1,5.500000000000001,False,-0.4306477912227038,-4.306477912227038,1.1935220877729622
124,6.800000000000001,0,-1.0,False,0.0,-0.0,-1.0
125,6.800000000000001,8,51.00000000000001,True,0.9658992233344634,9.658992233344634,60.65899223334464
126,6.800000000000001,0,-1.0,False,0.0,-0.0,-1.0
127,6.800000000000001,8,51.00000000000001,True,0.9658992233344634,9.658992233344634,60.65899223334464
128,6.800000000000001,2,12.000000000000002,True,-0.5377754189856253,-5.377754189856253,6.622245810143749
129,6.800000000000001,6,38.00000000000001,True,1.9199999999999995,19.199999999999996,57.2
130,6.800000000000001,1,5.500000000000001,False,-0.4306477912227038,-4.306477912227038,1.1935220877729622
131,6.800000000000001,1,5.500000000000001,False,-0.4306477912227038,-4.306477912227038,1.1935220877729622
132,6.800000000000001,1,5.500000000000001,False,-0.4306477912227038,-4.306477912227038,1.1935220877729622
133,6.800000000000001,2,12.000000000000002,True,-0.5377754189856253,-5.377754189856253,6.622245810143749
134,6.800000000000001,7,44.50000000000001,True,1.861716282347357,18.61716282347357,63.11716282347357
135,6.800000000000001,1,5.500000000000001,False,-0.4306477912227038,-4.306477912227038,1.1935220877729622
136,6.800000000000001,0,-1.0,False,0.0,-0.0,-1.0
137,6.800000000000001,7,44.50000000000001,True,1.861716282347357,18.61716282347357,63.11716282347357
138,6.800000000000001,0,-1.0,False,0.0,-0.0,-1.0
139,6.800000000000001,8,51.00000000000001,True,0.9658992233344634,9.658992233344634,60.65899223334464
140,6.800000000000001,0,-1.0,False,0.0,-0.0,-1.0
141,6.800000000000001,8,51.00000000000001,True,0.9658992233344634,9.658992233344634,60.65899223334464
142,6.800000000000001,1,5.500000000000001,False,-0.4306477912227038,-4.306477912227038,1.1935220877729622
143,6.800000000000001,0,-1.0,False,0.0,-0.0,-1.0
144,6.800000000000001,8,51.00000000000001,True,0.9658992233344634,9.658992233344634,60.65899223334464
145,6.800000000000001,1,5.500000000000001,False,-0.4306477912227038,-4.306477912227038,1.1935220877729622
146,6.800000000000001,1,5.500000000000001,False,-0.4306477912227038,-4.306477912227038,1.1935220877729622
147,6.800000000000001,1,5.500000000000001,False,-0.4306477912227038,-4.306477912227038,1.1935220877729622
148,6.800000000000001,0,-1.0,False,0.0,-0.0,-1.0
149,6.800000000000001,8,51.00000000000001,True,0.9658992233344634,9.658992233344634,60.65899223334464
150,6.800000000000001,0,-1.0,False,0.0,-0.0,-1.0
151,6.800000000000001,7,44.50000000000001,True,1.861716282347357,18.61716282347357,63.11716282347357
152,6.800000000000001,0,-1.0,False,0.0,-0.0,-1.0
153,6.800000000000001,8,51.00000000000001,True,0.9658992233344634,9.658992233344634,60.65899223334464
154,6.800000000000001,0,-1.0,False,0.0,-0.0,-1.0
155,6.800000000000001,7,44.50000000000001,True,1.861716282347357,18.61716282347357,63.11716282347357
156,6.800000000000001,2,12.000000000000002,True,-0.5377754189856253,-5.377754189856253,6.622245810143749
157,6.800000000000001,7,44.50000000000001,True,1.861716282347357,18.61716282347357,63.11716282347357
158,6.800000000000001,0,-1.0,False,0.0,-0.0,-1.0
159,6.800000000000001,8,51.00000000000001,True,0.9658992233344634,9.658992233344634,60.65899223334464
160,6.800000000000001,0,-1.0,False,0.0,-0.0,-1.0
161,6.800000000000001,6,38.00000000000001,True,1.9199999999999995,19.199999999999996,57.2
162,6.800000000000001,2,12.000000000000002,True,-0.5377754189856253,-5.377754189856253,6.622245810143749
163,6.800000000000001,6,38.00000000000001,True,1.9199999999999995,19.199999999999996,57.2
164,6.800000000000001,2,12.000000000000002,True,-0.5377754189856253,-5.377754189856253,6.622245810143749
165,6.800000000000001,8,51.00000000000001,True,0.9658992233344634,9.658992233344634,60.65899223334464
166,6.800000000000001,1,5.500000000000001,False,-0.4306477912227038,-4.306477912227038,1.1935220877729622
167,6.800000000000001,0,-1.0,False,0.0,-0.0,-1.0
168,6.800000000000001,7,44.50000000000001,True,1.861716282347357,18.61716282347357,63.11716282347357
169,6.800000000000001,0,-1.0,False,0.0,-0.0,-1.0
170,6.800000000000001,8,51.00000000000001,True,0.9658992233344634,9.658992233344634,60.65899223334464
171,6.800000000000001,0,-1.0,False,0.0,-0.0,-1.0
172,6.800000000000001,8,51.00000000000001,True,0.9658992233344634,9.658992233344634,60.65899223334464
173,6.800000000000001,2,12.000000000000002,True,-0.5377754189856253,-5.377754189856253,6.622245810143749
174,6.800000000000001,9,57.5,True,-0.6612240625863002,-6.612240625863002,50.887759374137005
175,6.800000000000001,2,12.000000000000002,True,-0.5377754189856253,-5.377754189856253,6.622245810143749
176,6.800000000000001,9,57.5,True,-0.6612240625863002,-6.612240625863002,50.887759374137005
177,6.800000000000001,2,12.000000000000002,True,-0.5377754189856253,-5.377754189856253,6.622245810143749
178,6.800000000000001,8,51.00000000000001,True,0.9658992233344634,9.658992233344634,60.65899223334464
179,6.800000000000001,1,5.500000000000001,False,-0.4306477912227038,-4.306477912227038,1.1935220877729622
180,6.800000000000001,4,25.000000000000004,True,0.4829496116672317,4.829496116672317,29.82949611667232
181,6.800000000000001,2,12.000000000000002,True,-0.5377754189856253,-5.377754189856253,6.622245810143749
182,6.800000000000001,9,57.5,True,-0.6612240625863002,-6.612240625863002,50.887759374137005
183,6.800000000000001,2,12.000000000000002,True,-0.5377754189856253,-5.377754189856253,6.622245810143749
184,6.800000000000001,9,57.5,True,-0.6612240625863002,-6.612240625863002,50.887759374137005
185,6.800000000000001,1,5.500000000000001,False,-0.4306477912227038,-4.306477912227038,1.1935220877729622
186,6.800000000000001,0,-1.0,False,0.0,-0.0,-1.0
187,6.800000000000001,8,51.00000000000001,True,0.9658992233344634,9.658992233344634,60.65899223334464
188,6.800000000000001,1,5.500000000000001,False,-0.4306477912227038,-4.306477912227038,1.1935220877729622
189,6.800000000000001,1,5.500000000000001,False,-0.4306477912227038,-4.306477912227038,1.1935220877729622
190,6.800000000000001,1,5.500000000000001,False,-0.4306477912227038,-4.306477912227038,1.1935220877729622
191,6.800000000000001,0,-1.0,False,0.0,-0.0,-1.0
192,6.800000000000001,8,51.00000000000001,True,0.9658992233344634,9.658992233344634,60.65899223334464
193,6.800000000000001,1,5.500000000000001,False,-0.4306477912227038,-4.306477912227038,1.1935220877729622
194,6.800000000000001,1,5.500000000000001,False,-0.4306477912227038,-4.306477912227038,1.1935220877729622
195,6.800000000000001,0,-1.0,False,0.0,-0.0,-1.0
196,6.800000000000001,7,44.50000000000001,True,1.861716282347357,18.61716282347357,63.11716282347357
197,6.800000000000001,0,-1.0,False,0.0,-0.0,-1.0
198,6.800000000000001,8,51.00000000000001,True,0.9658992233344634,9.658992233344634,60.65899223334464
199,6.800000000000001,0,-1.0,False,0.0,-0.0,-1.0
200,6.800000000000001,9,57.5,True,-0.6612240625863002,-6.612240625863002,50.887759374137005
201,6.800000000000001,2,12.000000000000002,True,-0.5377754189856253,-5.377754189856253,6.622245810143749
202,6.800000000000001,9,57.5,True,-0.6612240625863002,-6.612240625863002,50.887759374137005
203,6.800000000000001,1,5.500000000000001,False,-0.4306477912227038,-4.306477912227038,1.1935220877729622
204,6.800000000000001,0,-1.0,False,0.0,-0.0,-1.0
205,6.800000000000001,9,57.5,True,-0.6612240625863002,-6.612240625863002,50.887759374137005
206,6.800000000000001,1,5.500000000000001,False,-0.4306477912227038,-4.306477912227038,1.1935220877729622
207,6.800000000000001,0,-1.0,False,0.0,-0.0,-1.0
208,6.800000000000001,9,57.5,True,-0.6612240625863002,-6.612240625863002,50.887759374137005
209,6.800000000000001,1,5.500000000000001,False,-0.4306477912227038,-4.306477912227038,1.1935220877729622
210,6.800000000000001,1,5.500000000000001,False,-0.4306477912227038,-4.306477912227038,1.1935220877729622
211,6.800000000000001,0,-1.0,False,0.0,-0.0,-1.0
212,6.800000000000001,7,44.50000000000001,True,1.861716282347357,18.61716282347357,63.11716282347357
213,6.800000000000001,1,5.500000000000001,False,-0.4306477912227038,-4.306477912227038,1.1935220877729622
214,6.800000000000001,0,-1.0,False,0.0,-0.0,-1.0
215,6.800000000000001,9,57.5,True,-0.6612240625863002,-6.612240625863002,50.887759374137005
216,6.800000000000001,0,-1.0,False,0.0,-0.0,-1.0
217,6.800000000000001,8,51.00000000000001,True,0.9658992233344634,9.658992233344634,60.65899223334464
218,6.800000000000001,0,-1.0,False,0.0,-0.0,-1.0
219,6.800000000000001,8,51.00000000000001,True,0.9658992233344634,9.658992233344634,60.65899223334464
220,6.800000000000001,0,-1.0,False,0.0,-0.0,-1.0
221,6.800000000000001,9,57.5,True,-0.6612240625863002,-6.612240625863002,50.887759374137005
222,6.800000000000001,0,-1.0,False,0.0,-0.0,-1.0
223,6.800000000000001,9,57.5,True,-0.6612240625863002,-6.612240625863002,50.887759374137005
224,6.800000000000001,0,-1.0,False,0.0,-0.0,-1.0
225,6.800000000000001,9,57.5,True,-0.6612240625863002,-6.612240625863002,50.887759374137005
226,6.800000000000001,1,5.500000000000001,False,-0.4306477912227038,-4.306477912227038,1.1935220877729622
227,6.800000000000001,1,5.500000000000001,False,-0.4306477912227038,-4.306477912227038,1.1935220877729622
228,6.800000000000001,1,5.500000000000001,False,-0.4306477912227038,-4.306477912227038,1.1935220877729622
229,6.800000000000001,0,-1.0,False,0.0,-0.0,-1.0
230,6.800000000000001,8,51.00000000000001,True,0.9658992233344634,9.658992233344634,60.65899223334464
231,6.800000000000001,1,5.500000000000001,False,-0.4306477912227038,-4.306477912227038,1.1935220877729622
232,6.800000000000001,0,-1.0,False,0.0,-0.0,-1.0
233,6.800000000000001,9,57.5,True,-0.6612240625863002,-6.612240625863002,50.887759374137005
234,6.800000000000001,0,-1.0,False,0.0,-0.0,-1.0
235,6.800000000000001,7,44.50000000000001,True,1.861716282347357,18.61716282347357,63.11716282347357
236,6.800000000000001,2,12.000000000000002,True,-0.5377754189856253,-5.377754189856253,6.622245810143749
237,6.800000000000001,8,51.00000000000001,True,0.9658992233344634,9.658992233344634,60.65899223334464
238,6.800000000000001,0,-1.0,False,0.0,-0.0,-1.0
239,6.800000000000001,9,57.5,True,-0.6612240625863002,-6.612240625863002,50.887759374137005
240,6.800000000000001,0,-1.0,False,0.0,-0.0,-1.0
241,6.800000000000001,8,51.00000000000001,True,0.9658992233344634,9.658992233344634,60.65899223334464
242,6.800000000000001,0,-1.0,False,0.0,-0.0,-1.0
243,6.800000000000001,8,51.00000000000001,True,0.9658992233344634,9.658992233344634,60.65899223334464
244,6.800000000000001,0,-1.0,False,0.0,-0.0,-1.0
245,6.800000000000001,9,57.5,True,-0.6612240625863002,-6.612240625863002,50.887759374137005
246,6.800000000000001,1,5.500000000000001,False,-0.4306477912227038,-4.306477912227038,1.1935220877729622
247,6.800000000000001,1,5.500000000000001,False,-0.4306477912227038,-4.306477912227038,1.1935220877729622
248,6.800000000000001,0,-1.0,False,0.0,-0.0,-1.0
249,6.800000000000001,8,51.00000000000001,True,0.9658992233344634,9.658992233344634,60.65899223334464
250,6.800000000000001,1,5.500000000000001,False,-0.4306477912227038,-4.306477912227038,1.1935220877729622
251,6.800000000000001,0,-1.0,False,0.0,-0.0,-1.0
252,6.800000000000001,10,64.0,True,-2.6888770949281264,-26.888770949281266,37.11122905071874
253,6.800000000000001,0,-1.0,False,0.0,-0.0,-1.0
254,6.800000000000001,8,51.00000000000001,True,0.9658992233344634,9.658992233344634,60.65899223334464
255,6.800000000000001,0,-1.0,False,0.0,-0.0,-1.0
256,6.800000000000001,9,57.5,True,-0.6612240625863002,-6.612240625863002,50.887759374137005
257,6.800000000000001,0,-1.0,False,0.0,-0.0,-1.0
258,6.800000000000001,8,51.00000000000001,True,0.9658992233344634,9.658992233344634,60.65899223334464
259,6.800000000000001,1,5.500000000000001,False,-0.4306477912227038,-4.306477912227038,1.1935220877729622
260,6.800000000000001,0,-1.0,False,0.0,-0.0,-1.0
261,6.800000000000001,9,57.5,True,-0.6612240625863002,-6.612240625863002,50.887759374137005
262,6.800000000000001,1,5.500000000000001,False,-0.4306477912227038,-4.306477912227038,1.1935220877729622
263,6.800000000000001,0,-1.0,False,0.0,-0.0,-1.0
264,6.800000000000001,9,57.5,True,-0.6612240625863002,-6.612240625863002,50.887759374137005
265,6.800000000000001,0,-1.0,False,0.0,-0.0,-1.0
266,6.800000000000001,9,57.5,True,-0.6612240625863002,-6.612240625863002,50.887759374137005
267,6.800000000000001,0,-1.0,False,0.0,-0.0,-1.0
268,6.800000000000001,9,57.5,True,-0.6612240625863002,-6.612240625863002,50.887759374137005
269,6.800000000000001,0,-1.0,False,0.0,-0.0,-1.0
270,6.800000000000001,8,51.00000000000001,True,0.9658992233344634,9.658992233344634,60.65899223334464
271,6.800000000000001,0,-1.0,False,0.0,-0.0,-1.0
272,6.800000000000001,8,51.00000000000001,True,0.9658992233344634,9.658992233344634,60.65899223334464
273,6.800000000000001,0,-1.0,False,0.0,-0.0,-1.0
274,6.800000000000001,8,51.00000000000001,True,0.9658992233344634,9.658992233344634,60.65899223334464
275,6.800000000000001,0,-1.0,False,0.0,-0.0,-1.0
276,6.800000000000001,7,44.50000000000001,True,1.861716282347357,18.61716282347357,63.11716282347357
277,6.800000000000001,0,-1.0,False,0.0,-0.0,-1.0
278,6.800000000000001,8,51.00000000000001,True,0.9658992233344634,9.658992233344634,60.65899223334464
279,6.800000000000001,2,12.000000000000002,True,-0.5377754189856253,-5.377754189856253,6.622245810143749
280,6.800000000000001,9,57.5,True,-0.6612240625863002,-6.612240625863002,50.887759374137005
281,6.800000000000001,0,-1.0,False,0.0,-0.0,-1.0
282,6.800000000000001,8,51.00000000000001,True,0.9658992233344634,9.658992233344634,60.65899223334464
283,6.800000000000001,0,-1.0,False,0.0,-0.0,-1.0
284,6.800000000000001,8,51.00000000000001,True,0.9658992233344634,9.658992233344634,60.65899223334464
285,6.800000000000001,0,-1.0,False,0.0,-0.0,-1.0
286,6.800000000000001,8,51.00000000000001,True,0.9658992233344634,9.658992233344634,60.65899223334464
287,6.800000000000001,0,-1.0,False,0.0,-0.0,-1.0
288,6.800000000000001,8,51.00000000000001,True,0.9658992233344634,9.658992233344634,60.65899223334464
289,6.800000000000001,0,-1.0,False,0.0,-0.0,-1.0
290,6.800000000000001,8,51.00000000000001,True,0.9658992233344634,9.658992233344634,60.65899223334464
291,6.800000000000001,1,5.500000000000001,False,-0.4306477912227038,-4.306477912227038,1.1935220877729622
292,6.800000000000001,0,-1.0,False,0.0,-0.0,-1.0
293,6.800000000000001,8,51.00000000000001,True,0.9658992233344634,9.658992233344634,60.65899223334464
294,6.800000000000001,0,-1.0,False,0.0,-0.0,-1.0
295,6.800000000000001,8,51.00000000000001,True,0.9658992233344634,9.658992233344634,60.65899223334464
296,6.800000000000001,0,-1.0,False,0.0,-0.0,-1.0
297,6.800000000000001,7,44.50000000000001,True,1.861716282347357,18.61716282347357,63.11716282347357
298,6.800000000000001,0,-1.0,False,0.0,-0.0,-1.0
299,6.800000000000001,8,51.00000000000001,True,0.9658992233344634,9.658992233344634,60.65899223334464
