uncorrected_regret,corrected_regret,bar_type,seed,agent_id
0.034674726958371996,0.034674726958371996,passive,0,0
0.06149767103556994,0.06149767103556994,passive,0,1
0.08772896038806105,0.08772896038806105,passive,0,2
0.10915990174092931,0.10915990174092931,passive,0,3
0.04950396927517622,0.04950396927517622,passive,0,4
0.06149767103556994,0.06149767103556994,passive,0,5
0.0807041350899241,0.0807041350899241,passive,0,6
0.06510037310845225,0.06510037310845225,passive,0,7
0.12878949205735638,0.12878949205735638,passive,0,8
0.15200973406167204,0.15200973406167204,passive,0,9
0.09783355771613113,0.09783355771613113,passive,1,0
0.10147664732238916,0.10147664732238916,passive,1,1
0.026963135391449906,0.026963135391449906,passive,1,2
0.08292861238843818,0.08292861238843818,passive,1,3
0.05610566831124024,0.05610566831124024,passive,1,4
0.04135720106118745,0.04135720106118745,passive,1,5
0.14207366519623585,0.14207366519623585,passive,1,6
0.03000251988800733,0.03000251988800733,passive,1,7
0.08772896038806105,0.08772896038806105,passive,1,8
0.07641466674825664,0.07641466674825664,passive,1,9
0.14035308922654613,0.14035308922654613,passive,2,0
0.027131663854083818,0.027131663854083818,passive,2,1
0.05160198970350949,0.05160198970350949,passive,2,2
0.12954967524469713,0.12954967524469713,passive,2,3
0.05009730805896044,0.05009730805896044,passive,2,4
0.08021423443215482,0.08021423443215482,passive,2,5
0.07620045648219335,0.07620045648219335,passive,2,6
0.11780020495782603,0.11780020495782603,passive,2,7
0.11796873342045996,0.11796873342045996,passive,2,8
0.07841288339571367,0.07841288339571367,passive,2,9
0.12110623763881624,0.12110623763881624,passive,3,0
0.04135720106118745,0.04135720106118745,passive,3,1
0.06621026563931032,0.06621026563931032,passive,3,2
0.061538058568945654,0.061538058568945654,passive,3,3
0.11125792216926257,0.11125792216926257,passive,3,4
0.09908364156124116,0.09908364156124116,passive,3,5
0.0582036887395735,0.0582036887395735,passive,3,6
0.012046139678763198,0.012046139678763198,passive,3,7
0.06291628334331388,0.06291628334331388,passive,3,8
0.06913355959160329,0.06913355959160329,passive,3,9
0.07106305155730266,0.07106305155730266,passive,4,0
0.14733752699130734,0.14733752699130734,passive,4,1
0.05336295320657493,0.05336295320657493,passive,4,2
0.07393390759122617,0.07393390759122617,passive,4,3
0.128998408053366,0.128998408053366,passive,4,4
0.07161431874863379,0.07161431874863379,passive,4,5
0.048382026359324384,0.048382026359324384,passive,4,6
0.09638131398995156,0.09638131398995156,passive,4,7
0.044750987138060125,0.044750987138060125,passive,4,8
0.0975032569058034,0.0975032569058034,passive,4,9
0.13297179846995177,0.13297179846995177,passive,5,0
0.033605221960889636,0.033605221960889636,passive,5,1
0.03000251988800733,0.03000251988800733,passive,5,2
0.05485558446613021,0.05485558446613021,passive,5,3
0.07753660966410848,0.07753660966410848,passive,5,4
0.07174245967789199,0.07174245967789199,passive,5,5
0.10507934939527147,0.10507934939527147,passive,5,6
0.03647607799481315,0.03647607799481315,passive,5,7
0.048353689210942435,0.048353689210942435,passive,5,8
0.07573525862766733,0.07573525862766733,passive,5,9
0.14018456076391222,0.14018456076391222,passive,6,0
0.040119167601071176,0.040119167601071176,passive,6,1
0.021727610744760355,0.021727610744760355,passive,6,2
0.08957069895787792,0.08957069895787792,passive,6,3
0.10075685166842412,0.10075685166842412,passive,6,4
0.06994110864145082,0.06994110864145082,passive,6,5
0.0582036887395735,0.0582036887395735,passive,6,6
0.05502411292876412,0.05502411292876412,passive,6,7
0.12882987959073208,0.12882987959073208,passive,6,8
0.09500308921558333,0.09500308921558333,passive,6,9
0.07991756504026272,0.07991756504026272,passive,7,0
0.07341566978507494,0.07341566978507494,passive,7,1
0.05794740688105711,0.05794740688105711,passive,7,2
0.13350208666109675,0.13350208666109675,passive,7,3
0.10389603994585779,0.10389603994585779,passive,7,4
0.08112726135199703,0.08112726135199703,passive,7,5
0.08945460841361348,0.08945460841361348,passive,7,6
0.08765325737717232,0.08765325737717232,passive,7,7
0.013847490715204351,0.013847490715204351,passive,7,8
0.05970837038412255,0.05970837038412255,passive,7,9
0.020263032790493015,0.009471669193637714,regression,0,0
0.17730013064730657,0.16555066036043561,regression,0,1
0.05458558644828903,0.03839016974211015,regression,0,2
0.08096128892434905,0.059618100967363245,regression,0,3
0.21223499907093774,0.20037473250985594,regression,0,4
0.05812700246906388,0.029827713895698955,regression,0,5
-0.047413878755433625,-0.07633015102416692,regression,0,6
-0.17955838025199428,-0.17368852725488892,regression,0,7
-0.048831593074018825,-0.05110850829090235,regression,0,8
0.13884565597975723,0.10485202120105214,regression,0,9
0.09606190102665517,0.09606190102665517,regression,1,0
0.09964175464023554,0.09964175464023554,regression,1,1
0.02375112141415558,0.02375112141415558,regression,1,2
0.08189381185148442,0.08189381185148442,regression,1,3
0.05167754608732106,0.05167754608732106,regression,1,4
0.04032080850788499,0.04032080850788499,regression,1,5
0.13024101163893628,0.13024101163893628,regression,1,6
0.028786713547717113,0.028786713547717113,regression,1,7
0.06907222106344658,0.06907222106344658,regression,1,8
0.0741326415257713,0.0741326415257713,regression,1,9
0.15200701214900297,0.15200701214900297,regression,2,0
0.0420321238587139,0.0420321238587139,regression,2,1
0.06601788286441998,0.06601788286441998,regression,2,2
0.05398763930010536,0.05398763930010536,regression,2,3
0.04700578693302081,0.04700578693302081,regression,2,4
0.061212275926953455,0.061212275926953455,regression,2,5
0.08307976355629632,0.08307976355629632,regression,2,6
0.06123162807600431,0.06123162807600431,regression,2,7
0.08341364612793413,0.08341364612793413,regression,2,8
0.058881006156597915,0.058881006156597915,regression,2,9
0.12021413246952799,0.17738596179425756,regression,3,0
0.26229186158061774,0.38487398785719673,regression,3,1
0.06221174107290371,0.23397875052185643,regression,3,2
0.12768115731501428,0.23963876439829557,regression,3,3
0.1537392457136624,0.24566210704090896,regression,3,4
0.057500893267735054,0.22774525024967385,regression,3,5
0.023896014400858073,0.193507271233055,regression,3,6
0.07767390798766745,0.2726835761518453,regression,3,7
0.14773037727536362,0.3013942927300932,regression,3,8
0.1282708717404245,0.22712611273312727,regression,3,9
0.026591252363862245,0.026591252363862245,regression,4,0
0.09251774793886597,0.09251774793886597,regression,4,1
0.033431843855924966,0.033431843855924966,regression,4,2
0.11042116119642548,0.11042116119642548,regression,4,3
0.10757751547919069,0.10757751547919069,regression,4,4
0.07633060255262959,0.07633060255262959,regression,4,5
0.040128654799449506,0.040128654799449506,regression,4,6
0.08629682736796712,0.08629682736796712,regression,4,7
0.057081410631059794,0.057081410631059794,regression,4,8
0.11056829214283105,0.11056829214283105,regression,4,9
0.1117650720746001,0.1117650720746001,regression,5,0
0.03246137498492951,0.03246137498492951,regression,5,1
0.02064144108036042,0.02064144108036042,regression,5,2
0.04264752686024536,0.04264752686024536,regression,5,3
0.0702191376885697,0.0702191376885697,regression,5,4
0.04398527343517342,0.04398527343517342,regression,5,5
0.07881492884506085,0.07881492884506085,regression,5,6
0.03856739211266676,0.03856739211266676,regression,5,7
0.03523939771046126,0.03523939771046126,regression,5,8
0.06150332016012226,0.06150332016012226,regression,5,9
0.09132584473152162,0.09132584473152162,regression,6,0
0.03347299718660598,0.03347299718660598,regression,6,1
0.046250520023977316,0.046250520023977316,regression,6,2
0.09885537817540599,0.09885537817540599,regression,6,3
0.059916730736069825,0.059916730736069825,regression,6,4
0.08379046805799459,0.08379046805799459,regression,6,5
0.034359280066408704,0.034359280066408704,regression,6,6
0.03555325806082835,0.03555325806082835,regression,6,7
0.039049008500241275,0.039049008500241275,regression,6,8
0.07004567115646457,0.07004567115646457,regression,6,9
0.061929646675137257,0.061929646675137257,regression,7,0
0.04050353435557453,0.04050353435557453,regression,7,1
0.041448785715213515,0.041448785715213515,regression,7,2
0.07881536650116396,0.07920383827369937,regression,7,3
0.10119290887981539,0.10119290887981539,regression,7,4
0.03768975616542725,0.03807822793796265,regression,7,5
0.05086711907422008,0.05086711907422008,regression,7,6
0.0888798078974966,0.0888798078974966,regression,7,7
0.007062901304834934,0.007062901304834934,regression,7,8
0.04415290540530417,0.04415290540530417,regression,7,9
0.40751433904070666,0.4206299837169522,q_learning,0,0
0.6167906546990255,0.6018736589863387,q_learning,0,1
0.5191553233117917,0.5257974098812315,q_learning,0,2
0.5515637020463053,0.5562359091166699,q_learning,0,3
0.592118447628661,0.5937512702024681,q_learning,0,4
0.6201510880175932,0.6151418240219607,q_learning,0,5
0.602363236270983,0.6136775299107874,q_learning,0,6
0.5209481023542636,0.5126328056776409,q_learning,0,7
0.6263823773700843,0.6136615218075296,q_learning,0,8
0.531974499263254,0.5269652352676215,q_learning,0,9
0.29439779855478565,0.27357056231161814,q_learning,1,0
0.03357560208763289,0.044889895727437006,q_learning,1,1
0.4595545431337799,0.4045177777867669,q_learning,1,2
0.20157862260332346,0.2049146764917729,q_learning,1,3
0.22160320270055042,0.21002226087631357,q_learning,1,4
0.31254728732389064,0.3113092538637742,q_learning,1,5
0.12824528926999013,0.14649833887112626,q_learning,1,6
0.1286315063897117,0.13536134635503383,q_learning,1,7
0.22325203337761537,0.2071847576006951,q_learning,1,8
0.24668620698786375,0.2564958189831191,q_learning,1,9
0.2567135076402093,0.24703203657421247,q_learning,2,0
0.23851485867665057,0.22248797043310636,q_learning,2,1
0.1402916296158649,0.15216924083199407,q_learning,2,2
0.17360038285197107,0.17039246989277976,q_learning,2,3
0.16534985313884212,0.15827258992233587,q_learning,2,4
0.16228608921216675,0.15560361510935175,q_learning,2,5
0.1234589543745714,0.13301228451131047,q_learning,2,6
0.141899872092445,0.13890087512926358,q_learning,2,7
0.18214214084675973,0.15784034345996853,q_learning,2,8
0.06532527304161515,0.05881132740143395,q_learning,2,9
0.38491571652261775,0.36859215888718083,q_learning,3,0
0.20580008292095267,0.19752517377770573,q_learning,3,1
0.314942816507852,0.307062696478296,q_learning,3,2
0.42839905032732,0.4187175792613228,q_learning,3,3
0.3132587241482751,0.30498381500502814,q_learning,3,4
0.27319566544187934,0.26655357887243963,q_learning,3,5
0.24223264253058252,0.2242762623213384,q_learning,3,6
0.3225154994853818,0.3178029048816414,q_learning,3,7
0.4121595992775512,0.3976373926785554,q_learning,3,8
0.3799396046181814,0.3637845754453784,q_learning,3,9
0.33744664382054085,0.12251266623410392,q_learning,4,0
0.39781685283700485,0.21420420366544315,q_learning,4,1
0.4529734738612653,0.18084765638365344,q_learning,4,2
0.46344956293065914,0.24693012863292155,q_learning,4,3
0.6200766537267884,0.309236950465005,q_learning,4,4
0.42705226500354154,0.2302905619514896,q_learning,4,5
0.3834495629306591,0.16294938006814058,q_learning,4,6
0.42300914584046895,0.16993225644791135,q_learning,4,7
0.40208923101766403,0.17066256529990048,q_learning,4,8
0.3536262530905708,0.1717041586812392,q_learning,4,9
0.4494416312111471,0.45591518931795294,q_learning,5,0
0.5034120224124861,0.5050448449862932,q_learning,5,1
0.5148516128716989,0.5037058476945284,q_learning,5,2
0.2566659736448682,0.2582987962186754,q_learning,5,3
0.37907183249137466,0.3857139190608144,q_learning,5,4
0.48276217336787947,0.4791190837616216,q_learning,5,5
0.3902856961509555,0.37065610583452835,q_learning,5,6
0.31166767797647876,0.3181412360832846,q_learning,5,7
0.4966825837813817,0.5078283489585522,q_learning,5,8
0.43608160818927105,0.424726927016091,q_learning,5,9
0.4308223984284876,0.43086278596186334,q_learning,6,0
0.4748204916483166,0.4813344372884981,q_learning,6,1
0.5250110803201701,0.5137371742137414,q_learning,6,2
0.5152508291864775,0.5170925677562944,q_learning,6,3
0.5780992147144898,0.5846131603546714,q_learning,6,4
0.4507578321640318,0.4394435385242275,q_learning,6,5
0.5354735576195798,0.5324745606563981,q_learning,6,6
0.48416302103093045,0.4629006081406961,q_learning,6,7
0.42571521541009416,0.42751656644653535,q_learning,6,8
0.4813069270065723,0.4795055759701311,q_learning,6,9
0.3664232916884976,0.3560907496502932,q_learning,7,0
0.4146875192464595,0.41117257056945977,q_learning,7,1
0.35030674112486354,0.36835087472999023,q_learning,7,2
0.33247537099306973,0.3307144074900039,q_learning,7,3
0.3684320511628884,0.3446358391639982,q_learning,7,4
0.4198902931680997,0.37599929299825663,q_learning,7,5
0.3781925029636898,0.3390140973975872,q_learning,7,6
0.26874745817562823,0.26513438977682957,q_learning,7,7
0.3032261463894404,0.275925352039467,q_learning,7,8
0.3305952398889332,0.3132021772560144,q_learning,7,9
0.03771319841844773,0.03892505600439204,gp,0,0
0.03450673436409356,0.04720141405247618,gp,0,1
0.07510520114277744,0.08283100436890328,gp,0,2
0.08381548760019995,0.08935720106118744,gp,0,3
0.04883352425691061,0.06320141405247619,gp,0,4
0.07952405865143138,0.09389194844699694,gp,0,5
0.09354337700509086,0.10610991576421529,gp,0,6
0.06852178396433407,0.07624758719045992,gp,0,7
0.0022528489340273754,0.011780003196594379,gp,0,8
0.06179413976035318,0.07452920698211152,gp,0,9
0.10830338293787345,0.10830338293787345,gp,1,0
-0.027620994156366284,-0.027620994156366284,gp,1,1
0.013974919275089726,0.013974919275089726,gp,1,2
0.11335229793141731,0.11335229793141731,gp,1,3
0.057755348003922485,0.057755348003922485,gp,1,4
0.05371464732328491,0.05371464732328491,gp,1,5
-0.0022508296737033806,-0.0022508296737033806,gp,1,6
-0.022936536033898978,-0.022936536033898978,gp,1,7
0.05410943643697587,0.05410943643697587,gp,1,8
-0.0027434274740381365,-0.0027434274740381365,gp,1,9
0.03983953182907141,0.043442233901953724,gp,2,0
0.046568424270780596,0.04820124684458784,gp,2,1
0.17919588677221823,0.19411288248490494,gp,2,2
0.03516732475870675,0.043442233901953724,gp,2,3
0.004095299873217062,0.008767506943581728,gp,2,4
0.06438202635932438,0.05954129082632581,gp,2,5
0.040527546335584856,0.04576307098227441,gp,2,6
0.06136953010631174,0.06120100164367782,gp,2,7
0.045115644676245556,0.05699325589237484,gp,2,8
0.05407856832600599,0.05948262143532943,gp,2,9
0.14010378569716078,0.14010378569716078,gp,3,0
0.11708020863675214,0.11708020863675214,gp,3,1
0.0296378623498219,0.0296378623498219,gp,3,2
0.014482154266866628,0.014482154266866628,gp,3,3
0.0010417037174558796,0.0010417037174558796,gp,3,4
0.05982206449993678,0.05982206449993678,gp,3,5
0.01608684035940079,0.01608684035940079,gp,3,6
0.0806056140339075,0.0806056140339075,gp,3,7
0.01652221767357635,0.01652221767357635,gp,3,8
0.01983157369647928,0.01983157369647928,gp,3,9
0.09493216877248434,0.09535404679682896,gp,4,0
0.0797214359647112,0.0797214359647112,gp,4,1
0.060512274767791564,0.060512274767791564,gp,4,2
0.024247308530329373,0.024247308530329373,gp,4,3
0.023458041338102507,0.023458041338102507,gp,4,4
0.021079783104513746,0.021079783104513746,gp,4,5
0.09080998065572247,0.09080998065572247,gp,4,6
0.029412113401028794,0.029412113401028794,gp,4,7
0.06421278552731766,0.06421278552731766,gp,4,8
0.06977258017881692,0.07019445820316154,gp,4,9
0.058006076272053474,0.058006076272053474,gp,5,0
0.07309015154253692,0.07309015154253692,gp,5,1
0.12545562360920837,0.12545562360920837,gp,5,2
0.09631039354685257,0.10075685166842412,gp,5,3
0.06473227157119718,0.06473227157119718,gp,5,4
0.08417994447127651,0.08417994447127651,gp,5,5
0.035405860627957975,0.035405860627957975,gp,5,6
0.03768775907974012,0.03768775907974012,gp,5,7
0.05872317478345304,0.05872317478345304,gp,5,8
0.039852318749529526,0.039852318749529526,gp,5,9
0.10407442303214412,0.10407442303214412,gp,6,0
0.1243031822707646,0.1243031822707646,gp,6,1
0.11564624676819323,0.11564624676819323,gp,6,2
0.011428132578867064,0.011428132578867064,gp,6,3
0.12757908337624926,0.12757908337624926,gp,6,4
0.10492569327831992,0.10492569327831992,gp,6,5
0.16844971744261997,0.16844971744261997,gp,6,6
0.10848102948869545,0.10848102948869545,gp,6,7
0.10234857433948281,0.10234857433948281,gp,6,8
0.0718782939565926,0.0718782939565926,gp,6,9
0.05613525369735051,0.0674495473371549,gp,7,0
0.043975419902773066,0.0456082424765803,gp,7,1
0.06332591031555587,0.06979946842236169,gp,7,2
0.09231341406254323,0.1005883232057902,gp,7,3
0.03546251075863035,0.048409626972241986,gp,7,4
0.01305822352297748,0.029044724233146545,gp,7,5
0.020418857508653954,0.022051680082461195,gp,7,6
0.09677337147394573,0.10157371947356858,gp,7,7
0.050419894004692774,0.07000909678774415,gp,7,8
0.03584453711795473,0.05363238886456496,gp,7,9
