agent_type,condition,seed,attendance_mean,price_mean,profit_mean
bayesian,price_aware,0,4.52,2.2361731400966187,6.968023420289854
bayesian,price_blind,0,4.52,2.6512223290195083,8.186491390941327
bayesian,price_aware,1,4.1466666666666665,2.4170696123202773,6.897938184613598
bayesian,price_blind,1,4.14,2.7603460667104893,7.996500284354197
bayesian,price_aware,2,4.536666666666667,2.5257342151083617,8.03392687440544
bayesian,price_blind,2,4.42,2.822827562591036,8.84593970276298
bayesian,price_aware,3,3.1033333333333335,8.02585466368048,17.9394697689399
bayesian,price_blind,3,4.51,2.8118824799590736,8.958189748969444
bayesian,price_aware,4,4.1866666666666665,2.2415466666666664,6.18176
bayesian,price_blind,4,4.366666666666666,2.720071073635698,8.061109336007503
bayesian,price_aware,5,2.763333333333333,8.505970084035631,17.345242614732662
bayesian,price_blind,5,4.503333333333333,2.773870733103191,9.171575618515607
bayesian,price_aware,6,2.7533333333333334,8.115806022592004,15.633164793065195
bayesian,price_blind,6,4.303333333333334,2.674198215279316,7.966001715743793
bayesian,price_aware,7,4.28,2.419982272381753,7.0540851032055825
bayesian,price_blind,7,4.326666666666667,2.7123213928496015,8.166074539968301
bayesian,price_aware,8,4.296666666666667,2.3034225884841635,6.517526412920174
bayesian,price_blind,8,4.16,2.72931726310883,7.6722526092614665
bayesian,price_aware,9,4.073333333333333,2.32808769655276,6.448952470510383
bayesian,price_blind,9,4.333333333333333,2.7450300808931902,8.386000525610907
bayesian,price_aware,10,3.9833333333333334,2.2928104198489185,6.016874434762608
bayesian,price_blind,10,4.3,2.679294263453343,7.82294084898024
bayesian,price_aware,11,4.38,2.5394751797139317,7.423834728894867
bayesian,price_blind,11,4.3,2.7777585982510904,8.355390027503336
bayesian,price_aware,12,4.363333333333333,2.267874817282501,6.844979451367911
bayesian,price_blind,12,4.3133333333333335,2.7192196681858256,8.129660566480949
bayesian,price_aware,13,4.31,2.233076680428984,6.545152243760309
bayesian,price_blind,13,4.346666666666667,2.8641334572755324,8.856899672549535
bayesian,price_aware,14,4.39,2.248063592516863,6.647871081009346
bayesian,price_blind,14,4.163333333333333,2.637041997935235,7.314887147126831
bayesian,price_aware,15,4.193333333333333,2.349304794825573,6.631566928381198
bayesian,price_blind,15,4.193333333333333,2.709940345059108,7.797636381934707
bayesian,price_aware,16,4.413333333333333,2.2458666666666667,6.645466666666667
bayesian,price_blind,16,4.29,2.690228347436026,8.069566343681029
bayesian,price_aware,17,4.62,2.4175616762515997,7.887889303619228
bayesian,price_blind,17,4.616666666666666,2.844623636642724,9.441623557212202
bayesian,price_aware,18,4.33,2.466035500703979,7.098080313543739
bayesian,price_blind,18,4.473333333333334,2.8343211717758665,9.09288049901707
bayesian,price_aware,19,4.183333333333334,2.394889996930322,6.327828829907324
bayesian,price_blind,19,4.43,2.7438148604169452,8.420874966008832
bayesian,price_aware,20,4.336666666666667,2.6409734179863653,7.451567124987193
bayesian,price_blind,20,4.373333333333333,2.7235890688092477,8.309495734050957
bayesian,price_aware,21,4.136666666666667,2.395041603767759,6.923267204444989
bayesian,price_blind,21,4.246666666666667,2.779846038271634,8.235507601314755
bayesian,price_aware,22,4.316666666666666,2.666532764363664,7.774982567408991
bayesian,price_blind,22,4.19,2.824414914788618,8.41564746450286
bayesian,price_aware,23,4.33,2.449803322503097,6.968034415876382
bayesian,price_blind,23,4.26,2.6709247419102806,7.674489618215842
bayesian,price_aware,24,4.373333333333333,2.2417696,6.610472533333334
bayesian,price_blind,24,4.133333333333334,2.7574968364250876,7.924268150433835
bayesian,price_aware,25,3.1733333333333333,8.16531680890045,19.414504866707947
bayesian,price_blind,25,4.36,2.6473418940127815,7.983435587885793
bayesian,price_aware,26,2.89,8.165397792409985,17.08482728097464
bayesian,price_blind,26,4.4366666666666665,2.726972384469139,8.56726600948624
bayesian,price_aware,27,4.49,2.220470051863183,6.989103638510453
bayesian,price_blind,27,4.373333333333333,2.7828091521226472,8.876994272242367
bayesian,price_aware,28,4.4366666666666665,2.2548630306912365,6.731119870149098
bayesian,price_blind,28,4.213333333333333,2.587201266373124,7.2598979561265935
bayesian,price_aware,29,3.2533333333333334,8.299541928573172,21.397693597083276
bayesian,price_blind,29,4.583333333333333,2.835839553240557,9.410164800239091
bayesian,price_aware,30,4.26,2.592772102426564,7.344417301762341
bayesian,price_blind,30,4.263333333333334,2.7707641274037047,8.188120331215107
bayesian,price_aware,31,4.12,2.271216219760047,6.328744045421692
bayesian,price_blind,31,4.413333333333333,2.489486489148973,7.627854149296176
bayesian,price_aware,32,4.34,2.227993123439135,6.555342749626223
bayesian,price_blind,32,4.29,2.6810128911406266,7.971941697745157
bayesian,price_aware,33,4.323333333333333,2.226217766567482,6.454915193057644
bayesian,price_blind,33,4.27,2.723201692548734,7.7920168534723935
bayesian,price_aware,34,4.1866666666666665,2.2862319296775784,6.484903617978862
bayesian,price_blind,34,4.38,2.741192657242642,8.353274006239806
bayesian,price_aware,35,4.343333333333334,2.5151337623153456,7.116563461383961
bayesian,price_blind,35,4.283333333333333,2.6592474410772087,7.8791379654487494
bayesian,price_aware,36,4.403333333333333,2.2790888433590526,6.775694630329833
bayesian,price_blind,36,4.366666666666666,2.652723542564028,7.960577008955824
bayesian,price_aware,37,4.253333333333333,2.3689512752362543,6.796944806739585
bayesian,price_blind,37,4.34,2.8602276118147265,8.939640057587164
bayesian,price_aware,38,4.3933333333333335,2.4124516879565463,7.251986330024358
bayesian,price_blind,38,4.26,2.6969345089609935,7.878898679790021
bayesian,price_aware,39,4.326666666666667,2.301626309048513,6.745529566996813
bayesian,price_blind,39,4.226666666666667,2.698297650366585,7.764577871930946
bayesian,price_aware,40,2.72,7.960466249373661,14.241392815716853
bayesian,price_blind,40,4.283333333333333,2.749623852064239,8.052132677762971
bayesian,price_aware,41,4.323333333333333,2.2780664457903885,6.50634888220552
bayesian,price_blind,41,4.1066666666666665,2.640201963821037,7.136869997324525
bayesian,price_aware,42,4.153333333333333,2.23008,6.126133333333333
bayesian,price_blind,42,4.273333333333333,2.622477220917375,7.4579767329714315
bayesian,price_aware,43,2.89,8.231895946592756,17.39439259954461
bayesian,price_blind,43,4.33,2.7557983876851537,8.421926485415602
bayesian,price_aware,44,4.256666666666667,2.3642797072067205,6.837181907106292
bayesian,price_blind,44,4.283333333333333,2.733241974218972,8.151878163364787
bayesian,price_aware,45,4.23,2.2491364627631185,6.2682130413453345
bayesian,price_blind,45,3.85,2.5310627140563002,6.194344783313116
bayesian,price_aware,46,4.443333333333333,2.493658322929544,7.425994740671255
bayesian,price_blind,46,4.39,2.7862466597530005,8.603243700294858
bayesian,price_aware,47,4.203333333333333,2.30982552373807,6.545083211124811
bayesian,price_blind,47,4.24,2.6569546501836125,7.81883855731746
bayesian,price_aware,48,4.173333333333333,2.2957697549968676,6.407299310747516
bayesian,price_blind,48,4.056666666666667,2.645730897228982,7.350496805503135
bayesian,price_aware,49,3.84,2.3341623252124233,5.956848895639355
bayesian,price_blind,49,4.3133333333333335,2.6650155211479842,7.9974673765909365
bayesian,price_aware,50,4.316666666666666,2.3077090268383533,6.812722296758176
bayesian,price_blind,50,4.453333333333333,2.830881647469928,8.918229492596353
bayesian,price_aware,51,4.42,2.221169507901127,6.850694440173905
bayesian,price_blind,51,4.416666666666667,2.6894373795105304,8.34877765765073
bayesian,price_aware,52,4.35,2.33038725446625,6.862856516720337
bayesian,price_blind,52,4.196666666666666,2.6849561874013945,7.616986582835222
bayesian,price_aware,53,4.343333333333334,2.512114692749878,7.163601792957994
bayesian,price_blind,53,4.423333333333333,2.7912367629089627,8.98880467307492
bayesian,price_aware,54,4.24,2.229007432607393,6.464740143240939
bayesian,price_blind,54,4.48,2.810115730413647,9.142742710874519
bayesian,price_aware,55,4.24,2.540249732441619,7.072514749520801
bayesian,price_blind,55,4.256666666666667,2.7647664343145126,8.325563646372027
bayesian,price_aware,56,3.88,2.3160649979673877,5.933054730384506
bayesian,price_blind,56,4.236666666666666,2.778091261599711,7.994111326662621
bayesian,price_aware,57,4.493333333333333,2.3196189515178345,6.891652352680297
bayesian,price_blind,57,4.36,2.7438026363025396,8.27599022474022
bayesian,price_aware,58,4.513333333333334,2.5323716073399014,7.493498857878151
bayesian,price_blind,58,4.303333333333334,2.795964726039627,8.374653543518173
bayesian,price_aware,59,2.1633333333333336,9.968791556171048,19.94491352451954
bayesian,price_blind,59,4.5,2.7397261000909565,8.806902399388283
bayesian,price_aware,60,4.286666666666667,2.248757311373379,6.5376959121601805
bayesian,price_blind,60,4.3133333333333335,2.6688644350973574,7.976179573245398
bayesian,price_aware,61,4.066666666666666,2.2332164859560066,6.038006791201354
bayesian,price_blind,61,4.2,2.626883301206626,7.233235680967997
bayesian,price_aware,62,4.1433333333333335,2.3456326477808767,6.290738064383365
bayesian,price_blind,62,4.23,2.740154468395969,7.893623736754351
bayesian,price_aware,63,2.9566666666666666,8.187583569019875,17.670826673405184
bayesian,price_blind,63,4.48,2.7234944882629315,8.572772700269264
bayesian,price_aware,64,4.36,2.546268371995312,7.7312714692458515
bayesian,price_blind,64,4.56,2.8923806072967144,9.421273991818289
bayesian,price_aware,65,4.36,2.330924217949017,6.956134683057735
bayesian,price_blind,65,4.533333333333333,2.6724797156861064,8.454930939085616
bayesian,price_aware,66,4.213333333333333,2.2755482819355466,6.326736863063758
bayesian,price_blind,66,4.0633333333333335,2.6244998485845024,7.25737342549038
bayesian,price_aware,67,4.363333333333333,2.220530689078681,6.753077812591678
bayesian,price_blind,67,4.386666666666667,2.71511525675102,8.433075951521133
bayesian,price_aware,68,4.273333333333333,2.5465351344492033,7.104831248342116
bayesian,price_blind,68,4.486666666666666,2.814924193134725,8.921862304157912
bayesian,price_aware,69,4.196666666666666,2.3956872135227885,6.83024426090085
bayesian,price_blind,69,4.226666666666667,2.679229957781048,8.020151587566067
bayesian,price_aware,70,1.7566666666666666,9.972303849273535,16.01266450174176
bayesian,price_blind,70,4.42,2.623919732624526,8.051707893330843
bayesian,price_aware,71,4.19,2.4895343671606533,6.668513473026693
bayesian,price_blind,71,4.486666666666666,2.8549460087248812,9.072524152358012
bayesian,price_aware,72,4.533333333333333,2.314011933745874,7.318423797733182
bayesian,price_blind,72,4.463333333333333,2.7921442347804963,9.027323195767266
bayesian,price_aware,73,4.14,2.2602482487501736,6.417940587874923
bayesian,price_blind,73,4.44,2.7492500100006394,8.469647938704822
bayesian,price_aware,74,4.29,2.2210016514793565,6.428371939250758
bayesian,price_blind,74,4.1,2.6187080862686054,7.145104132926502
bayesian,price_aware,75,4.073333333333333,2.4864381234746045,6.564062867579584
bayesian,price_blind,75,4.196666666666666,2.723002435611229,8.023093263368164
bayesian,price_aware,76,4.336666666666667,2.3605351138176682,6.974419441082822
bayesian,price_blind,76,4.3133333333333335,2.721982299964053,8.292403977020854
bayesian,price_aware,77,4.016666666666667,2.253388078233714,6.1141564189867355
bayesian,price_blind,77,4.326666666666667,2.803495760879009,8.441235994669109
bayesian,price_aware,78,4.246666666666667,2.335051230137292,6.544361575333052
bayesian,price_blind,78,4.263333333333334,2.71336514443575,7.915312319707861
bayesian,price_aware,79,4.336666666666667,2.6268935928146484,7.616267426474648
bayesian,price_blind,79,4.553333333333334,2.8162849387868203,9.258465832522646
bayesian,price_aware,80,4.243333333333333,2.3114014938163994,6.635921633298022
bayesian,price_blind,80,4.496666666666667,2.78805809614374,8.861002231886902
bayesian,price_aware,81,2.9466666666666668,8.23113691302319,17.584472982371786
bayesian,price_blind,81,4.496666666666667,2.897140135412792,9.308395246960298
bayesian,price_aware,82,4.293333333333333,2.416152633583306,7.017910703951969
bayesian,price_blind,82,4.1033333333333335,2.8524883019854146,8.14215847606994
bayesian,price_aware,83,4.38,2.619975496091725,7.67872389160665
bayesian,price_blind,83,4.476666666666667,2.882135011587031,9.222099900425837
bayesian,price_aware,84,4.18,2.3895929061015084,6.564866713364045
bayesian,price_blind,84,4.07,2.6582664867841808,7.324604435847487
bayesian,price_aware,85,4.3133333333333335,2.484077522320187,7.08901425187054
bayesian,price_blind,85,4.54,2.865408464069102,9.155170723687558
bayesian,price_aware,86,4.3133333333333335,2.238411077868858,6.560129644808764
bayesian,price_blind,86,4.383333333333334,2.706609436536958,8.381295772142426
bayesian,price_aware,87,4.43,2.435381916453254,7.678716486222517
bayesian,price_blind,87,4.3133333333333335,2.7602104419872524,8.276542567808557
bayesian,price_aware,88,4.463333333333333,2.407249452077178,7.494889843471821
bayesian,price_blind,88,4.453333333333333,2.854897348073473,8.971119500972458
bayesian,price_aware,89,4.3133333333333335,2.2666890639782387,6.641802707438303
bayesian,price_blind,89,4.25,2.851589204209924,8.446885399914768
bayesian,price_aware,90,4.47,2.269498848624258,6.820384585011028
bayesian,price_blind,90,4.37,2.6823765746484836,8.089421622605915
bayesian,price_aware,91,4.3,2.2509106672975085,6.510739374039352
bayesian,price_blind,91,4.1033333333333335,2.682837414464784,7.292515494545096
bayesian,price_aware,92,4.316666666666666,2.536274289263609,7.477074438669427
bayesian,price_blind,92,4.523333333333333,2.971869236510087,9.942572054581214
bayesian,price_aware,93,2.9233333333333333,8.033180797179067,15.933156034590887
bayesian,price_blind,93,4.3566666666666665,2.7060837322088065,8.220891577745322
bayesian,price_aware,94,4.263333333333334,2.3797937462881293,6.884901158232701
bayesian,price_blind,94,4.26,2.8878433477893677,8.604147776502657
bayesian,price_aware,95,4.34,2.3684578637314773,6.638228873495484
bayesian,price_blind,95,4.273333333333333,2.8163482661509396,8.159361699973255
bayesian,price_aware,96,4.19,2.23112,6.208786666666667
bayesian,price_blind,96,4.27,2.7036819981245586,7.814176532120809
bayesian,price_aware,97,4.24,2.3654968164107206,6.8592777558035385
bayesian,price_blind,97,4.423333333333333,2.843542345098757,8.951042970690718
bayesian,price_aware,98,4.526666666666666,2.490709622391622,7.6013173632278574
bayesian,price_blind,98,4.383333333333334,2.695273195160678,8.406600342396011
bayesian,price_aware,99,4.19,2.2106026666666665,6.165794666666667
bayesian,price_blind,99,4.363333333333333,2.6683356168259986,7.7877616380803705
q_learning,price_aware,0,5.38,2.479707629905058,9.534823300912608
q_learning,price_blind,0,4.456666666666667,2.679014641998091,7.730314742611163
q_learning,price_aware,1,3.796666666666667,3.22733841031285,7.3681862640664155
q_learning,price_blind,1,4.21,2.6709109196563143,7.286397388930615
q_learning,price_aware,2,5.706666666666667,2.583410235931042,10.636717834597034
q_learning,price_blind,2,4.44,2.5888537871984365,7.30953281688439
q_learning,price_aware,3,5.15,2.5612781347022358,8.747143198322123
q_learning,price_blind,3,4.59,2.693119317103384,7.919103531184798
q_learning,price_aware,4,5.343333333333334,2.4652322989849544,9.043824251417675
q_learning,price_blind,4,5.113333333333333,2.6397081586279536,8.692122277866629
q_learning,price_aware,5,5.753333333333333,2.526096523852891,10.986683499413196
q_learning,price_blind,5,5.193333333333333,2.8714416156056743,10.691821193647513
q_learning,price_aware,6,4.8966666666666665,3.0944920312873925,9.17063210765045
q_learning,price_blind,6,4.136666666666667,2.573412698814212,6.844026521726487
q_learning,price_aware,7,2.473333333333333,5.965017378627081,7.519903892011768
q_learning,price_blind,7,4.516666666666667,2.704125382001216,7.851833666383312
q_learning,price_aware,8,4.753333333333333,2.3435157930856074,7.638065432937767
q_learning,price_blind,8,4.263333333333334,2.5776546278857038,6.954128656484695
q_learning,price_aware,9,1.65,7.043189125576519,6.426703642348002
q_learning,price_blind,9,4.546666666666667,2.512550241257,7.47167376520768
q_learning,price_aware,10,5.653333333333333,2.678071147633729,11.352376644802264
q_learning,price_blind,10,4.633333333333334,2.614741658592124,7.985618315140272
q_learning,price_aware,11,3.61,3.713180235782056,7.007513550834276
q_learning,price_blind,11,4.1466666666666665,2.5667939143237546,6.857286261009691
q_learning,price_aware,12,5.676666666666667,2.5475031573223963,10.56584509374556
q_learning,price_blind,12,4.553333333333334,2.6624836305512645,7.9467250343944045
q_learning,price_aware,13,0.8333333333333334,9.835896871250835,7.000239593600871
q_learning,price_blind,13,5.116666666666666,2.5946931677425056,8.640674565002994
q_learning,price_aware,14,0.74,9.9466761102741,6.135885864966809
q_learning,price_blind,14,5.026666666666666,2.884035031168897,10.154351704973863
q_learning,price_aware,15,4.71,2.5581387846514003,8.216612446118301
q_learning,price_blind,15,4.763333333333334,2.611536902408027,7.97514808226287
q_learning,price_aware,16,0.7733333333333333,9.961487652567524,6.464729845334047
q_learning,price_blind,16,5.046666666666667,3.0983392819383138,11.354011096421392
q_learning,price_aware,17,0.87,9.438576089805347,6.714324440596764
q_learning,price_blind,17,4.91,2.6236325556556968,8.375080382020952
q_learning,price_aware,18,5.5633333333333335,2.422525447016402,9.806880058263072
q_learning,price_blind,18,4.98,2.6336481915647907,8.68564624466777
q_learning,price_aware,19,4.996666666666667,2.8380896470081702,8.819279117239534
q_learning,price_blind,19,5.04,2.9380841826341557,10.297520782276887
q_learning,price_aware,20,5.256666666666667,2.343430536842357,8.643584981270097
q_learning,price_blind,20,5.013333333333334,2.863077403344106,10.092132670993095
q_learning,price_aware,21,5.74,2.4325743458726774,10.329443292347936
q_learning,price_blind,21,5.023333333333333,2.6534597568127922,8.6944012918646
q_learning,price_aware,22,5.166666666666667,2.409286287834716,8.637621947416786
q_learning,price_blind,22,4.266666666666667,2.673148958261713,7.330514007370992
q_learning,price_aware,23,0.85,9.046225185185186,5.970958518518518
q_learning,price_blind,23,5.066666666666666,2.5840693896372637,8.60738473255889
q_learning,price_aware,24,5.533333333333333,2.3874300810357236,9.500078112924013
q_learning,price_blind,24,4.3966666666666665,2.6555881413826965,7.500108928557217
q_learning,price_aware,25,0.8433333333333334,9.443661055090303,6.526048926182833
q_learning,price_blind,25,4.823333333333333,2.6038915589493166,8.214267504929488
q_learning,price_aware,26,4.286666666666667,3.180114238806544,7.999388940546278
q_learning,price_blind,26,4.52,2.640028927509452,7.62968840319421
q_learning,price_aware,27,5.29,2.7067547242261423,9.138342767546023
q_learning,price_blind,27,4.376666666666667,2.6304837423619034,7.372917010621478
q_learning,price_aware,28,3.52,4.519945862405662,7.984750117643373
q_learning,price_blind,28,4.79,2.584647243584767,7.9940424365965255
q_learning,price_aware,29,0.8133333333333334,9.97262927671316,6.872921117680862
q_learning,price_blind,29,4.91,2.588739551989014,8.260021736028968
q_learning,price_aware,30,2.68,6.114639949306126,8.127564808259798
q_learning,price_blind,30,4.973333333333334,2.744524077381893,9.386198028601747
q_learning,price_aware,31,5.556666666666667,2.675424857361339,10.14327933159647
q_learning,price_blind,31,5.053333333333334,2.851303977410994,9.790049906037769
q_learning,price_aware,32,4.3566666666666665,2.7358973598872405,7.758882748518742
q_learning,price_blind,32,4.166666666666667,2.5519091819744477,7.060345131811348
q_learning,price_aware,33,4.6033333333333335,2.366676746349486,7.508874928319979
q_learning,price_blind,33,5.046666666666667,2.9265896694071887,10.486339905801275
q_learning,price_aware,34,1.7366666666666666,7.051200000000001,6.814466666666667
q_learning,price_blind,34,5.09,2.889372417594969,10.835201157770724
q_learning,price_aware,35,5.0633333333333335,2.6784853569030482,8.780007425105532
q_learning,price_blind,35,4.44,2.6658341493375413,7.6886778927060035
q_learning,price_aware,36,5.216666666666667,2.2678754891915998,8.289429128369763
q_learning,price_blind,36,4.473333333333334,2.5429274293251387,7.215032671220091
q_learning,price_aware,37,5.713333333333333,2.3905600429835854,10.103448597584126
q_learning,price_blind,37,5.266666666666667,2.986839375841184,11.186557168018977
q_learning,price_aware,38,4.993333333333333,2.4039786145149318,8.282032167602752
q_learning,price_blind,38,4.996666666666667,2.9533800663672465,10.437028353710245
q_learning,price_aware,39,5.66,2.5610927701935924,10.421450272250116
q_learning,price_blind,39,4.786666666666667,2.5605212084059037,7.842567377349272
q_learning,price_aware,40,5.02,2.736462527091798,8.989867580869088
q_learning,price_blind,40,4.28,2.6332345514015247,7.336629470994717
q_learning,price_aware,41,1.95,6.715810816326083,7.314514826736807
q_learning,price_blind,41,4.536666666666667,2.61308974632184,7.639608152440087
q_learning,price_aware,42,4.08,3.4917236375335303,8.050688042978491
q_learning,price_blind,42,4.236666666666666,2.6631178039073453,7.272104478390632
q_learning,price_aware,43,4.14,3.880133106200944,8.370609314089524
q_learning,price_blind,43,5.05,2.823980087703232,9.991442968030901
q_learning,price_aware,44,5.75,2.367098511234076,9.782449760019592
q_learning,price_blind,44,5.073333333333333,2.5597165328259224,8.648902634079041
q_learning,price_aware,45,1.06,8.98705920624804,7.094544795458787
q_learning,price_blind,45,4.47,2.615382659506207,7.518948443461412
q_learning,price_aware,46,0.85,9.83553069193056,7.129407123572496
q_learning,price_blind,46,5.216666666666667,2.8016641276555565,10.057956117999675
q_learning,price_aware,47,1.0366666666666666,8.032562918040028,5.460808258023558
q_learning,price_blind,47,4.583333333333333,2.587497271753856,7.475588553153731
q_learning,price_aware,48,4.77,2.475569127366778,7.981091585240877
q_learning,price_blind,48,4.536666666666667,2.5547051951761905,7.4318036421684095
q_learning,price_aware,49,5.36,2.6565715995010177,9.646393651251104
q_learning,price_blind,49,4.98,3.046056475584085,10.798124262377671
q_learning,price_aware,50,3.29,4.961293483840639,8.320002787811918
q_learning,price_blind,50,4.503333333333333,2.661242697529794,7.95677487640828
q_learning,price_aware,51,4.58,3.093935354875,8.174451576183817
q_learning,price_blind,51,4.666666666666667,2.635278319373412,7.692711996288207
q_learning,price_aware,52,5.653333333333333,2.298736071302106,9.376800160891136
q_learning,price_blind,52,4.676666666666667,2.5893785523207105,7.839372862647743
q_learning,price_aware,53,4.65,2.494912213229854,7.8042713532229175
q_learning,price_blind,53,3.9066666666666667,2.6334765276711662,6.502135556726958
q_learning,price_aware,54,3.6333333333333333,4.786583037855503,8.760236288657083
q_learning,price_blind,54,5.163333333333333,2.565969440747511,8.657335202227069
q_learning,price_aware,55,3.216666666666667,4.732049503380857,7.259456392737411
q_learning,price_blind,55,4.16,2.602979239075006,6.89091368301039
q_learning,price_aware,56,5.906666666666666,2.7497184184183014,12.084549647142321
q_learning,price_blind,56,4.796666666666667,2.6258832359610182,8.240930951355034
q_learning,price_aware,57,4.506666666666667,3.3067590830368854,9.743248565673923
q_learning,price_blind,57,4.49,2.912077328436331,8.469719143183347
q_learning,price_aware,58,0.74,9.940846362301123,6.130286589840594
q_learning,price_blind,58,4.006666666666667,2.615663296547308,6.789294753313223
q_learning,price_aware,59,5.59,2.7959853254754785,10.75584725826181
q_learning,price_blind,59,4.756666666666667,2.6272518199587838,8.077764444989601
q_learning,price_aware,60,5.573333333333333,2.6369275665443603,10.056379328168633
q_learning,price_blind,60,4.653333333333333,2.6366472331304,7.8623403048210365
q_learning,price_aware,61,4.77,2.7908930662185782,8.424884443728237
q_learning,price_blind,61,4.62,2.688730859611465,8.100692380043165
q_learning,price_aware,62,4.58,2.66392991851688,7.983424547874168
q_learning,price_blind,62,4.713333333333333,2.6555346126036916,8.09109800092825
q_learning,price_aware,63,5.453333333333333,2.710478921304343,10.393569809984577
q_learning,price_blind,63,4.766666666666667,2.6959487558818,8.29355492077295
q_learning,price_aware,64,0.82,9.922939328120252,6.8809172707141775
q_learning,price_blind,64,4.6866666666666665,2.6025486852089053,7.73415235497621
q_learning,price_aware,65,0.6733333333333333,9.965429282905205,5.510540902177059
q_learning,price_blind,65,4.22,2.5688349626876272,6.84144636691746
q_learning,price_aware,66,4.8966666666666665,2.4825083962794707,8.410610186125789
q_learning,price_blind,66,4.29,2.58139313113877,7.199366984068274
q_learning,price_aware,67,4.5633333333333335,2.3305923749545765,7.7281087915645035
q_learning,price_blind,67,4.256666666666667,2.5914287062773838,7.054421423480232
q_learning,price_aware,68,0.71,9.827921496265407,5.789857761218342
q_learning,price_blind,68,4.556666666666667,2.525307902793194,7.281520833324483
q_learning,price_aware,69,5.5,2.506504820222738,9.508369339630882
q_learning,price_blind,69,5.243333333333333,3.0671117257959604,11.602083003279152
q_learning,price_aware,70,5.016666666666667,2.473001165591146,8.598305269938207
q_learning,price_blind,70,4.586666666666667,2.6305226325421907,7.675842361577347
q_learning,price_aware,71,5.52,2.27897226707056,9.29842293766872
q_learning,price_blind,71,5.166666666666667,2.7932333637392994,9.76013352231945
q_learning,price_aware,72,1.84,6.726120572151424,6.393547524674037
q_learning,price_blind,72,4.38,2.6147567668200327,7.319260961490962
q_learning,price_aware,73,2.9966666666666666,4.159126477540779,6.593247016836755
q_learning,price_blind,73,4.01,2.5779613929619614,6.622700803901709
q_learning,price_aware,74,0.78,9.844840533333333,6.489438933333332
q_learning,price_blind,74,4.943333333333333,2.5599714722182325,8.2539681012939
q_learning,price_aware,75,4.883333333333334,3.176964180755785,9.070226591233062
q_learning,price_blind,75,5.01,2.9116317403031258,10.333064519326177
q_learning,price_aware,76,1.4066666666666667,7.313999999999999,6.093066666666667
q_learning,price_blind,76,4.783333333333333,2.5089105946661645,7.812648854661984
q_learning,price_aware,77,3.8066666666666666,3.7543786413350606,8.020580094859513
q_learning,price_blind,77,4.59,2.6326787316750955,7.893125646200985
q_learning,price_aware,78,2.0166666666666666,6.381692101416436,6.863993840415517
q_learning,price_blind,78,5.076666666666667,2.7580082631972545,9.885551485993176
q_learning,price_aware,79,2.5633333333333335,5.800811733257668,7.379716362194708
q_learning,price_blind,79,4.836666666666667,2.5993620570591447,8.190416876027617
q_learning,price_aware,80,2.3833333333333333,5.466040834264481,6.4673439957218894
q_learning,price_blind,80,4.46,2.5507024476315006,7.244158906587865
q_learning,price_aware,81,5.023333333333333,2.5113605267266044,8.262258035720384
q_learning,price_blind,81,4.453333333333333,2.6626681678289503,7.4661048862434045
q_learning,price_aware,82,5.763333333333334,2.514259222162676,10.331739065514462
q_learning,price_blind,82,4.323333333333333,2.7239781616681262,7.805334898893491
q_learning,price_aware,83,4.54,3.0249695790231135,8.006410199972494
q_learning,price_blind,83,4.34,2.692273998327962,7.420818823902641
q_learning,price_aware,84,1.1033333333333333,8.348555023044854,6.111734735759924
q_learning,price_blind,84,4.316666666666666,2.5413341305236696,7.190795144814612
q_learning,price_aware,85,2.453333333333333,5.951708271820903,7.6763734619763655
q_learning,price_blind,85,4.93,2.6226804286926595,8.444269577075618
q_learning,price_aware,86,5.32,2.5586837962634568,9.448964877234891
q_learning,price_blind,86,4.833333333333333,2.675264748953761,8.675051527269268
q_learning,price_aware,87,5.17,2.670148921164093,9.14018760619489
q_learning,price_blind,87,5.07,2.9864728313576903,10.611981409486113
q_learning,price_aware,88,0.96,9.138347621178053,6.893634001249078
q_learning,price_blind,88,5.27,2.757732315006591,9.943565352297197
q_learning,price_aware,89,4.38,3.5855230629100645,8.780290052509976
q_learning,price_blind,89,4.506666666666667,2.5794390653103383,7.7407693932849835
q_learning,price_aware,90,0.8166666666666667,9.970093502326588,6.899449056224984
q_learning,price_blind,90,4.986666666666666,2.6383969304972172,8.662951478379096
q_learning,price_aware,91,5.01,2.5760594172621465,8.786079705611774
q_learning,price_blind,91,4.816666666666666,2.7137186327199916,8.887519302304401
q_learning,price_aware,92,0.7566666666666667,9.856303036241206,6.243624511735807
q_learning,price_blind,92,4.543333333333333,2.5853758661370505,7.507312040880458
q_learning,price_aware,93,5.306666666666667,2.5839972194919225,9.255471746367023
q_learning,price_blind,93,4.473333333333334,2.6513738577696495,7.724795257541749
q_learning,price_aware,94,5.176666666666667,2.6895169089646385,9.31290136952318
q_learning,price_blind,94,4.93,2.578856604026814,8.23229223205628
q_learning,price_aware,95,5.296666666666667,2.460468541175509,8.837780880252227
q_learning,price_blind,95,4.92,2.8698189311656144,10.102706914908277
q_learning,price_aware,96,0.9666666666666667,8.617451874124692,5.5888657044075565
q_learning,price_blind,96,4.3966666666666665,2.6563334927002327,7.460860161872538
q_learning,price_aware,97,4.983333333333333,2.686270178462966,8.66824870676962
q_learning,price_blind,97,3.7666666666666666,2.588309794268688,6.2966703924120155
q_learning,price_aware,98,5.04,2.8950667944127173,9.385737079638174
q_learning,price_blind,98,4.823333333333333,2.6212332947675177,8.29828744230119
q_learning,price_aware,99,4.536666666666667,3.8025198440291734,9.175543091566151
q_learning,price_blind,99,5.083333333333333,3.003232163388214,10.891519895977462
